Year,Site,Month,Treatment,Aphaenogaster ashmeadi,Aphaenogaster floridana,Aphaenogaster treatae,Brachymyrmex depilis,Camponotus castaneus,Camponotus floridanus,Camponotus.nearcticus,Camponotus socius,Cardiocondyla emeryi,Crematogaster.ashmeadi,Cryptopone gilva,Cyphomyrmex minutus,Cyphomyrmex rimosus,Discothyrea testacea,Dorymyrmex bossutus,Dorymyrmex bureni,Forelius.pruinosus,Formica.archboldi,Formica pallidefulva,Hypoponera opacior,Monomorium.pharaonis,Nylanderia arenivaga,Nylanderia wojciki,Odontomachus brunneus,Pheidole adrianoi,Pheidole.carrolli,Pheidole dentata,Pheidole dentigula,Pheidole floridana,Pheidole metallescens,Pheidole moerens,Pheidole.morrisii,Pheidole tysoni,Pogonomyrmex badius,Prenolepis.imparis,Pseudoneoponera.stigma,Solenopsis carolinensis,Solenopsis globularia,Solenopsis invicta,Solenopsis nickersoni,Solenopsis picta,Solenopsis pergandei,Solenopsis tennessensis,Strumigenys eggersi,Strumigenys emmae,Temnothorax pergandei,Temnothorax texanus,Trachymyrmex septentrionalis,Wasmania auropunctata
2018,SHA1RA,Feb,T,0,0,0,0,0,0,0,0,0,0,0,0,0,0,0,10,3,0,0,0,0,7,0,0,8,0,0,0,1,13,0,0,0,1,0,0,0,0,0,2,0,0,0,0,0,0,0,0,0
2018,SHA1RB,Feb,T,0,0,0,0,0,0,0,0,0,0,0,0,0,0,0,25,0,0,0,0,0,9,0,2,4,0,0,0,0,2,0,0,0,0,0,0,4,0,0,0,0,0,0,0,0,0,0,0,0
2018,SHA1RC,Feb,T,0,0,1,0,0,0,0,0,0,0,0,0,0,0,0,6,2,0,0,0,0,4,0,2,0,0,0,0,6,3,0,0,0,0,0,0,11,0,0,14,0,0,2,0,0,0,0,0,0
2018,SHA4RA,Feb,T,0,0,0,0,0,0,0,0,0,0,0,0,0,0,0,10,4,0,0,0,0,2,0,0,0,0,0,0,1,10,0,0,0,2,0,0,10,0,0,0,0,0,0,0,0,0,0,0,0
2018,SHA5RA,Feb,C,0,0,0,0,0,0,0,0,0,0,0,0,0,0,0,5,13,0,0,0,0,9,0,0,1,0,0,0,16,0,0,0,0,0,0,0,4,0,0,0,0,0,0,0,0,0,0,0,0
2018,SHA5RB,Feb,C,0,2,0,0,0,0,0,0,1,0,0,0,0,0,0,11,8,0,0,0,0,10,0,0,0,0,2,0,10,0,0,84,0,0,0,0,3,0,0,1,0,0,0,0,0,0,0,0,0
2018,SHA5RC,Feb,T,0,0,0,0,0,1,0,0,0,0,0,0,0,0,0,8,1,1,0,0,0,0,0,0,0,0,0,0,141,0,0,0,0,0,0,0,0,0,0,3,0,0,1,0,0,0,0,0,0
2018,SHA5RD,Feb,T,0,0,0,0,0,0,0,0,0,0,0,0,0,0,0,20,1,0,0,0,0,0,0,0,0,0,0,0,8,1,0,15,0,0,0,0,6,0,24,0,0,0,1,0,0,0,0,0,0
2018,SHA10RA,Feb,T,0,0,0,0,0,0,0,0,0,0,0,0,0,0,0,13,1,0,0,0,0,0,0,0,39,0,10,0,6,5,0,0,0,0,0,0,1,0,0,0,0,0,0,0,0,0,0,0,0
2018,SHA10RB,Feb,T,0,0,0,0,0,0,0,0,0,0,0,0,0,0,0,6,2,1,0,0,0,0,0,0,0,0,0,0,0,35,0,0,0,0,0,0,3,0,0,1,0,0,0,0,0,0,0,0,0
2018,SHA10RC,Feb,C,0,0,0,0,0,1,0,0,0,0,0,0,0,0,2,8,0,0,0,0,0,0,0,0,3,0,0,0,0,52,0,0,0,0,0,0,7,0,0,0,0,0,0,0,0,0,0,0,0
2018,SHA10RD,Feb,C,0,0,0,1,0,0,0,0,0,0,0,0,0,0,0,11,1,0,0,0,0,3,0,0,34,0,1,0,36,0,0,0,0,0,0,0,7,0,0,0,0,0,0,0,0,0,0,0,0
2018,SHA10RE,Feb,C,0,0,0,0,0,0,0,0,0,0,0,0,0,0,0,0,0,0,0,0,0,0,0,1,0,0,3,0,0,96,0,0,0,0,0,0,5,0,0,0,0,0,0,0,0,0,0,0,0
2018,SHA10RF,Feb,C,0,0,0,0,0,0,0,0,0,0,0,0,0,0,0,0,2,0,0,0,0,0,0,0,24,0,1,0,0,2,0,0,0,0,0,0,1,0,0,1,0,1,0,0,0,0,0,0,0
2018,SHA11RA,Feb,C,0,0,0,0,0,0,0,0,0,0,0,0,0,0,0,21,0,0,0,0,0,0,0,0,0,0,0,0,6,0,0,24,0,0,0,0,24,0,1,0,0,2,0,0,0,0,0,0,0
2018,SHA11RB,Feb,T,0,0,0,0,0,0,0,0,0,0,0,0,0,0,0,4,12,0,0,0,0,0,0,0,0,0,3,0,11,0,0,15,0,1,0,0,5,0,0,0,0,0,0,0,0,0,0,1,0
2018,SHA11RC,Feb,C,0,0,2,0,0,0,0,0,0,0,0,0,0,0,0,23,4,0,0,0,0,0,0,0,0,0,13,0,1,3,0,26,0,1,0,0,9,0,0,0,0,0,0,0,0,0,0,0,0
2018,SHA11RD,Feb,T,0,0,1,0,3,0,0,0,0,0,0,0,0,0,0,1,16,0,0,0,0,1,0,0,0,0,2,0,58,0,0,13,0,0,0,0,27,0,0,0,0,0,0,0,0,0,0,0,0
2018,SHA11RE,Feb,C,0,0,2,0,0,0,0,0,1,0,0,0,0,0,0,23,4,0,0,0,0,3,0,0,0,0,0,0,17,11,0,48,0,4,0,0,23,0,0,0,0,3,0,0,0,0,0,0,0
2018,SHA11RF,Feb,C,0,0,0,0,0,0,0,0,0,0,0,0,0,0,0,1,7,0,0,0,0,4,0,0,0,0,0,0,9,0,0,11,0,1,0,0,1,0,0,0,0,0,0,0,0,0,0,0,0
2018,SHA1RA,Mar,T,0,0,0,0,0,0,0,0,0,0,0,0,0,0,0,11,0,0,0,0,0,9,0,0,0,0,0,0,0,5,0,0,0,0,0,0,0,0,0,2,0,0,0,0,0,0,0,0,0
2018,SHA1RB,Mar,T,0,0,0,0,0,0,0,0,0,0,0,0,0,0,0,21,0,0,0,0,0,2,0,0,0,0,1,0,0,2,0,0,0,0,0,0,4,0,0,1,0,0,0,0,0,0,0,0,0
2018,SHA1RC,Mar,T,0,0,0,0,0,0,0,0,0,0,0,0,0,0,2,0,2,0,0,0,0,0,0,1,0,0,0,0,5,4,0,0,0,0,0,0,1,0,0,1,0,0,0,0,0,0,0,0,0
2018,SHA4RA,Mar,T,0,0,0,0,0,0,0,0,0,0,0,0,0,0,0,0,0,0,0,0,0,0,0,0,0,0,0,0,0,14,0,0,0,0,0,0,0,0,0,0,0,0,0,0,0,0,0,0,0
2018,SHA5RA,Mar,C,0,0,0,0,0,0,0,0,0,0,0,0,0,0,0,1,8,0,0,0,0,3,0,0,0,0,0,0,16,0,0,0,0,0,0,0,3,0,0,0,0,0,0,0,0,0,0,0,0
2018,SHA5RB,Mar,C,0,0,1,0,0,0,0,0,1,0,0,0,0,0,2,0,8,0,0,0,0,3,0,0,0,0,0,0,2,0,0,24,0,0,0,0,0,0,0,0,0,0,0,0,0,0,0,0,0
2018,SHA5RC,Mar,T,0,0,0,0,0,0,0,0,0,0,0,0,0,0,0,1,1,0,0,0,0,0,0,0,0,0,0,0,107,0,0,0,0,0,0,0,0,0,0,0,0,0,0,0,0,0,0,0,0
2018,SHA5RD,Mar,T,0,0,0,0,0,0,0,0,0,0,0,0,0,0,0,6,2,0,0,0,0,2,0,0,0,0,3,0,44,0,0,13,0,0,0,0,2,0,0,0,0,0,0,0,0,0,0,0,0
2018,SHA10RA,Mar,T,0,0,0,0,0,0,0,0,0,0,0,0,0,0,0,9,1,0,0,0,0,0,0,0,3,0,9,0,11,6,0,0,0,0,0,0,0,0,0,1,0,0,0,0,0,0,0,0,0
2018,SHA10RB,Mar,T,0,0,0,0,0,0,0,0,1,0,0,0,0,0,0,0,2,0,0,0,0,0,0,0,0,0,0,0,0,25,0,0,0,0,0,0,0,0,0,0,0,0,0,0,0,0,0,0,0
2018,SHA10RC,Mar,C,0,0,0,0,0,0,0,0,0,0,0,0,0,0,0,2,0,0,0,0,0,0,0,2,0,0,0,0,0,31,0,0,0,0,0,0,0,0,0,0,0,0,0,0,0,0,0,0,0
2018,SHA10RD,Mar,C,0,0,0,0,0,0,0,0,0,0,0,0,0,0,1,1,0,0,0,0,0,0,0,0,0,0,0,0,0,25,0,0,0,0,4,0,0,0,0,0,0,0,0,0,0,0,0,0,0
2018,SHA10RE,Mar,C,0,0,0,0,0,0,0,0,3,0,0,0,0,0,0,1,1,0,0,0,0,0,0,0,1,0,0,0,1,19,0,0,0,0,0,0,0,0,0,0,0,0,0,0,0,0,0,0,0
2018,SHA10RF,Mar,C,0,0,0,0,0,0,0,0,0,0,0,0,0,0,0,0,0,0,0,0,0,0,0,0,0,0,0,0,0,7,0,0,0,0,0,0,1,0,0,0,0,0,0,0,0,0,0,0,0
2018,SHA11RA,Mar,C,0,0,0,0,0,0,0,0,0,0,0,0,0,0,0,9,2,0,0,0,0,0,0,0,0,0,0,0,19,0,0,47,0,0,0,0,5,0,0,0,0,0,0,0,0,0,0,0,0
2018,SHA11RB,Mar,T,0,0,0,0,0,0,0,0,0,0,0,0,0,0,0,65,1,0,0,0,0,0,0,0,0,0,0,0,12,0,0,8,0,0,0,0,0,0,0,0,0,0,0,0,0,0,0,0,0
2018,SHA11RC,Mar,C,0,0,0,0,0,0,0,0,0,0,0,0,0,0,0,21,1,0,0,0,0,0,0,0,0,0,4,0,0,0,0,52,0,0,0,0,1,0,0,0,0,0,0,0,0,0,0,0,0
2018,SHA11RD,Mar,T,0,0,0,0,0,0,0,0,0,0,0,0,0,0,0,0,4,0,0,0,0,0,0,0,0,0,0,0,18,9,0,25,0,0,0,0,5,0,0,0,0,0,0,0,0,0,0,0,0
2018,SHA11RE,Mar,C,0,0,0,0,0,1,0,0,4,0,0,0,0,0,0,1,0,0,0,0,0,1,0,0,0,0,0,0,14,0,0,98,0,2,0,1,4,0,0,0,0,0,0,0,0,0,1,1,0
2018,SHA11RF,Mar,C,0,0,0,0,0,0,0,0,1,0,0,0,0,0,0,3,81,0,0,0,0,1,0,0,0,0,0,0,6,0,0,41,0,0,0,0,1,0,0,0,0,0,0,0,0,0,0,0,0
2018,SHA1RA,Apr,T,0,0,0,0,0,0,0,0,0,0,0,0,0,0,13,0,5,0,0,0,0,13,0,2,0,0,0,0,0,28,0,0,0,3,0,0,3,0,0,1,0,0,0,0,0,0,0,0,0
2018,SHA1RB,Apr,T,0,0,0,0,0,0,0,0,0,0,0,0,0,0,54,0,2,0,0,0,0,6,0,1,0,0,2,0,1,29,0,0,0,0,0,0,16,0,0,0,0,0,0,0,0,0,0,0,0
2018,SHA1RC,Apr,T,0,0,0,0,0,0,0,0,0,0,0,0,0,0,0,11,8,1,0,0,0,2,0,0,0,0,0,0,17,2,0,0,0,0,0,0,4,0,0,4,0,0,0,0,0,0,0,0,0
2018,SHA4RA,Apr,T,0,0,0,0,0,0,0,0,0,1,0,0,0,0,0,25,342,0,0,0,0,3,0,1,0,0,2,1,0,97,0,0,0,2,0,0,9,0,0,0,0,0,0,0,0,0,0,0,0
2018,SHA5RA,Apr,C,0,0,1,0,0,0,0,0,0,0,0,0,0,0,0,5,14,0,0,0,0,1,0,0,0,0,0,0,17,0,0,0,0,0,0,0,5,0,0,0,0,0,0,0,0,1,0,0,0
2018,SHA5RB,Apr,C,0,0,1,0,0,0,0,0,4,0,0,0,0,0,0,14,27,0,0,0,0,8,0,0,0,0,0,0,12,0,0,287,0,0,0,0,3,0,0,7,0,0,0,0,0,0,0,0,0
2018,SHA5RC,Apr,T,0,0,0,0,0,0,0,0,0,0,0,0,0,0,0,8,16,0,0,0,0,0,0,0,0,0,0,0,0,0,374,0,0,0,0,0,0,0,0,0,0,1,0,0,0,0,0,1,0
2018,SHA5RD,Apr,T,0,0,0,0,0,0,0,0,1,0,0,0,0,0,0,52,28,0,0,0,0,3,0,0,0,2,7,0,6,0,0,21,0,0,0,0,36,0,0,0,0,0,0,0,0,0,0,0,0
2018,SHA10RA,Apr,T,0,0,0,0,0,0,0,0,1,0,0,0,0,0,0,17,1,0,0,0,0,3,0,1,29,0,7,0,9,46,0,0,0,0,0,0,2,0,0,0,0,0,2,0,0,0,0,0,0
2018,SHA10RB,Apr,T,0,0,0,0,0,0,0,0,0,0,0,0,0,0,0,7,16,0,0,0,0,1,0,0,0,0,0,4,6,0,0,11,0,0,0,0,11,0,0,0,0,0,0,0,0,0,2,1,0
2018,SHA10RC,Apr,C,0,0,0,0,0,0,0,0,2,0,0,0,0,0,7,14,13,0,0,0,0,3,1,0,0,0,0,0,0,110,0,0,0,1,0,0,10,0,1,7,0,0,0,1,0,0,0,0,0
2018,SHA10RD,Apr,C,0,0,0,0,0,0,1,1,0,0,0,0,0,0,5,0,6,0,0,0,0,1,0,1,0,0,0,2,0,42,2,0,0,0,1,0,34,0,0,0,0,0,0,1,0,0,0,0,0
2018,SHA10RE,Apr,C,0,0,0,0,0,0,0,0,17,0,0,0,0,0,0,0,5,0,0,0,0,0,1,0,27,4,2,12,0,55,0,0,0,0,0,0,2,0,0,1,0,0,0,0,0,0,0,0,0
2018,SHA10RF,Apr,C,0,0,0,1,0,1,0,0,2,0,0,0,0,0,0,9,9,0,0,0,0,1,0,0,0,0,0,0,0,25,0,0,0,0,0,0,13,0,0,0,0,0,0,9,0,0,0,0,0
2018,SHA11RA,Apr,C,0,0,0,0,0,0,0,0,0,0,0,0,0,0,0,43,1,0,0,0,0,0,0,0,0,0,0,0,16,0,0,13,0,0,0,0,24,0,0,0,0,0,0,0,0,0,0,0,0
2018,SHA11RB,Apr,T,0,0,0,0,0,0,0,3,15,0,0,0,0,0,0,0,4,0,1,0,0,9,0,0,6,1,2,0,0,77,0,0,0,0,0,0,15,0,0,0,0,0,0,0,0,0,0,0,0
2018,SHA11RC,Apr,C,0,0,1,0,0,0,0,0,0,0,0,0,0,0,0,32,23,0,0,0,0,2,0,0,0,1,9,0,0,0,0,0,0,2,0,0,12,0,0,0,0,0,0,0,0,2,0,0,0
2018,SHA11RD,Apr,T,0,0,3,0,0,0,0,0,0,0,0,0,0,0,3,5,64,0,1,0,0,3,0,0,0,0,0,0,13,20,0,77,0,3,0,0,30,0,0,0,0,0,0,0,0,0,0,0,0
2018,SHA11RE,Apr,C,0,0,0,0,0,0,0,0,2,0,0,0,2,0,0,9,32,0,0,0,0,0,0,0,0,0,0,0,9,0,0,119,0,0,0,0,6,0,0,0,0,0,0,0,0,0,0,0,0
2018,SHA11RF,Apr,C,0,0,1,0,0,0,0,0,5,0,0,0,0,0,0,1,29,0,2,0,0,6,0,0,0,0,0,0,0,0,0,16,0,0,0,0,12,0,0,0,0,0,0,1,0,1,0,0,0
2018,SHA1RA,May,T,0,0,0,0,0,0,0,1,0,0,0,0,0,0,0,50,1,0,0,0,0,21,0,1,37,0,0,0,2,0,0,0,0,3,0,0,0,0,0,2,0,0,0,0,0,0,0,0,0
2018,SHA1RB,May,T,0,0,0,0,0,0,0,0,0,0,0,0,0,0,0,52,2,0,0,0,0,11,0,1,0,0,0,0,0,6,0,0,0,2,0,0,20,0,0,0,0,0,6,0,0,0,0,0,0
2018,SHA1RC,May,T,0,0,0,0,0,0,0,0,0,0,0,0,0,0,0,17,450,5,0,0,0,25,0,2,9,0,0,0,17,4,0,0,0,0,0,0,4,0,0,4,0,0,0,0,0,0,2,0,0
2018,SHA4RA,May,T,0,0,0,0,0,0,0,0,0,0,0,0,0,0,0,60,19,0,0,0,0,7,2,0,0,0,0,0,3,27,0,0,0,4,0,0,5,0,0,0,0,0,0,0,0,0,0,0,0
2018,SHA5RA,May,C,0,0,0,0,0,0,0,0,0,0,0,0,0,0,0,13,22,0,0,0,0,22,0,0,0,0,0,0,32,0,0,0,0,4,0,0,5,0,0,6,0,0,0,0,0,0,0,0,0
2018,SHA5RB,May,C,0,0,1,0,0,0,0,0,3,0,0,0,0,0,0,8,26,0,0,0,0,14,0,0,0,0,0,0,24,1,0,240,0,0,0,0,2,0,0,7,0,0,0,0,0,0,1,0,0
2018,SHA5RC,May,T,0,0,0,0,0,0,0,0,0,0,0,0,2,0,0,1,7,0,0,0,0,0,0,0,0,0,0,0,0,1,225,0,0,0,0,0,1,0,0,0,0,0,0,0,0,0,0,0,0
2018,SHA5RD,May,T,0,0,0,0,0,0,0,0,0,0,0,0,0,0,0,37,26,0,0,0,0,4,0,0,0,0,2,0,11,0,0,25,0,2,0,0,9,0,0,0,0,0,0,0,0,0,0,1,0
2018,SHA10RA,May,T,0,0,0,0,1,0,0,0,2,0,0,0,0,0,0,71,5,0,0,0,0,9,0,1,0,3,4,0,49,30,0,0,0,0,0,0,5,0,0,1,0,0,0,0,0,0,1,0,0
2018,SHA10RB,May,T,0,0,0,1,0,0,0,0,14,0,0,0,0,0,0,12,13,0,4,0,0,0,11,2,0,3,2,0,1,66,0,0,0,0,0,0,3,0,0,0,0,0,0,0,0,1,0,0,0
2018,SHA10RC,May,C,0,0,0,0,0,0,0,0,0,0,0,0,0,0,7,22,7,0,0,0,0,9,1,0,0,0,0,0,0,90,0,0,0,2,0,0,3,0,0,3,0,0,0,0,0,0,0,0,0
2018,SHA10RD,May,C,0,0,0,0,4,0,0,0,2,0,0,0,0,0,2,21,24,0,0,0,0,2,27,1,162,0,0,0,0,16,0,0,0,0,0,0,9,0,0,0,0,0,0,0,0,0,0,0,0
2018,SHA10RE,May,C,0,0,0,0,0,0,0,0,22,0,0,0,0,0,0,2,18,0,0,0,0,4,0,2,6,0,0,0,13,57,0,0,0,1,0,0,1,0,0,0,0,0,0,0,0,0,1,0,0
2018,SHA10RF,May,C,0,0,0,0,1,0,0,0,1,0,0,0,0,0,0,12,3,0,0,0,0,3,0,0,0,1,1,0,0,40,0,0,0,0,0,0,0,0,0,0,0,0,0,0,0,1,1,0,0
2018,SHA11RA,May,C,0,0,1,0,0,0,0,0,0,0,0,0,0,0,0,62,5,0,0,0,0,2,0,0,0,0,0,0,32,0,0,136,0,0,0,0,15,0,0,0,0,0,0,0,0,0,0,0,0
2018,SHA11RB,May,T,0,0,0,0,0,0,0,0,0,0,0,0,0,0,0,40,22,0,0,0,0,8,0,0,0,0,0,0,21,0,0,34,0,11,0,0,6,1,0,0,0,0,0,0,0,0,0,3,0
2018,SHA11RC,May,C,0,0,0,0,0,0,0,0,0,0,0,0,0,0,0,30,3,0,0,0,0,5,0,0,0,0,17,0,3,0,0,49,0,3,0,0,9,0,0,0,0,0,2,0,0,0,0,0,0
2018,SHA11RD,May,T,0,0,0,0,0,0,0,0,0,0,0,0,0,0,12,11,169,0,1,0,0,8,1,0,0,0,1,0,13,25,0,65,0,0,0,0,7,0,0,0,0,0,0,0,0,0,0,1,0
2018,SHA11RE,May,C,0,0,0,0,0,0,0,0,0,0,0,0,0,0,0,1,12,0,0,0,0,14,0,0,0,0,0,0,12,0,0,39,0,7,0,0,5,0,0,0,0,0,0,0,0,0,0,0,0
2018,SHA11RF,May,C,0,0,0,0,0,0,0,2,2,0,0,0,0,0,0,10,37,0,1,0,0,2,4,0,0,0,0,0,7,25,0,295,0,7,0,0,2,0,0,0,0,0,0,0,0,0,0,1,0
2018,SHA1RA,Jun,T,0,0,0,0,0,0,0,0,0,0,0,0,0,0,0,10,0,0,0,0,0,1,0,1,0,0,0,0,0,6,0,0,0,2,0,0,1,0,0,1,0,0,0,0,0,0,0,0,0
2018,SHA1RB,Jun,T,0,0,0,0,0,0,0,0,0,0,0,0,0,0,0,23,0,0,0,0,0,0,0,2,2,0,0,0,0,0,0,0,0,0,0,0,0,0,0,0,0,61,0,0,0,0,0,0,0
2018,SHA1RC,Jun,T,0,0,2,0,0,0,0,0,0,0,0,0,0,0,0,2,30,0,0,0,0,3,0,2,0,0,0,0,1,8,0,0,0,0,0,0,4,0,0,3,0,0,0,0,0,0,0,0,0
2018,SHA4RA,Jun,T,0,0,0,0,0,0,0,0,0,0,0,0,0,0,0,41,0,0,0,0,0,0,0,2,0,0,0,0,9,15,0,0,0,4,0,0,4,0,0,1,0,0,0,0,0,0,0,0,0
2018,SHA5RA,Jun,C,0,0,0,0,0,0,0,0,0,0,0,0,0,0,0,1,17,0,0,0,0,4,0,0,0,0,0,0,24,0,0,0,6,0,0,0,0,0,0,1,0,0,0,0,0,0,0,0,0
2018,SHA5RB,Jun,C,0,0,4,0,0,0,0,0,0,0,0,0,0,0,0,7,10,0,0,0,0,0,0,0,0,0,0,0,64,0,0,91,0,1,0,0,5,0,0,0,0,2,0,0,0,0,0,0,0
2018,SHA5RC,Jun,T,0,0,0,0,0,0,0,0,1,0,0,0,0,0,0,2,4,0,0,0,0,1,0,0,0,0,0,145,0,0,0,0,0,0,0,0,0,0,0,0,0,0,0,0,0,0,0,0,0
2018,SHA5RD,Jun,T,0,0,0,0,0,0,0,0,0,0,0,0,0,0,0,18,7,0,0,0,0,3,0,0,0,0,5,0,0,0,0,7,15,0,0,0,3,0,0,0,0,0,0,0,0,0,0,0,0
2018,SHA10RA,Jun,T,0,0,0,0,0,0,0,0,0,0,0,0,0,0,0,7,2,0,1,0,4,0,0,0,0,1,0,0,0,5,0,0,0,0,0,0,2,0,0,1,0,0,0,0,0,0,0,0,0
2018,SHA10RB,Jun,T,0,0,0,0,0,0,0,0,12,0,0,0,0,0,0,0,0,0,0,0,0,1,0,2,0,0,0,0,0,10,0,0,0,0,0,0,6,0,0,0,0,0,3,1,0,1,0,0,0
2018,SHA10RC,Jun,C,0,0,0,0,0,0,0,0,0,0,0,0,0,0,1,2,0,0,0,0,0,1,0,0,0,0,0,0,0,9,0,0,0,0,0,0,13,0,0,0,0,0,0,0,0,0,0,0,0
2018,SHA10RD,Jun,C,0,0,0,0,0,0,0,0,0,0,0,0,0,0,0,3,2,0,0,0,0,3,0,0,11,0,0,2,0,1,0,0,0,0,0,0,29,0,0,0,0,0,0,0,0,0,0,0,0
2018,SHA10RE,Jun,C,0,0,0,0,0,0,0,0,8,0,0,0,0,0,0,6,1,0,0,0,0,0,0,2,0,0,0,0,6,42,0,0,0,0,0,0,7,0,0,3,0,0,0,0,0,3,0,0,0
2018,SHA10RF,Jun,C,0,0,0,0,0,0,0,0,0,0,0,0,0,0,0,0,0,0,0,0,0,0,0,0,0,0,0,0,0,8,0,0,0,0,0,0,4,0,0,0,0,0,0,0,0,0,0,0,0
2018,SHA11RA,Jun,C,0,0,0,0,0,0,0,0,0,0,0,0,0,0,0,37,37,0,0,0,0,2,0,0,0,0,0,0,70,0,0,25,0,0,0,0,24,0,0,0,0,0,0,0,0,1,0,0,0
2018,SHA11RB,Jun,T,0,0,0,0,0,0,0,0,0,0,0,0,0,0,0,19,24,0,0,0,0,1,0,0,0,0,0,0,23,0,0,8,0,2,0,0,11,0,0,0,0,0,0,0,0,0,0,0,0
2018,SHA11RC,Jun,C,0,0,0,0,1,0,0,0,0,0,0,0,0,0,0,20,22,0,0,0,0,0,0,0,0,0,0,0,12,0,0,29,0,5,0,0,3,0,0,0,0,0,2,0,0,0,0,0,0
2018,SHA11RD,Jun,T,0,0,0,0,0,0,0,0,1,0,0,0,0,0,2,6,4,0,0,0,0,0,0,0,0,1,0,0,1,7,0,12,0,2,0,0,16,0,0,0,0,0,0,0,0,0,0,0,0
2018,SHA11RE,Jun,C,0,0,1,0,0,0,0,0,0,0,0,0,0,0,0,5,11,0,0,0,0,0,0,0,0,0,0,0,14,0,0,13,0,6,0,0,9,0,0,0,0,0,0,0,0,0,0,0,0
2018,SHA11RF,Jun,C,0,0,0,0,0,0,0,0,6,1,0,0,0,0,0,0,11,0,1,0,0,7,0,0,0,0,0,0,1,0,0,55,0,6,0,0,7,0,0,0,0,0,0,0,0,0,0,0,0
2018,SHA1RA,July,T,0,0,0,0,0,0,0,0,0,0,0,0,0,0,0,33,0,0,0,0,0,6,0,2,3,0,0,0,0,0,0,0,0,2,0,0,1,0,0,0,0,0,0,0,0,0,0,0,0
2018,SHA1RB,July,T,0,0,0,0,0,0,0,0,0,0,0,0,0,0,0,30,0,0,0,0,0,2,0,3,0,0,0,0,0,0,0,0,0,0,0,0,0,0,0,0,0,0,0,0,0,0,0,0,0
2018,SHA1RC,July,T,0,0,0,0,0,1,0,0,0,0,0,0,0,0,0,8,6,0,0,0,0,7,0,3,0,0,0,0,2,23,0,0,0,0,0,0,13,0,0,7,0,0,0,0,0,19,0,0,0
2018,SHA4RA,July,T,0,0,0,0,0,0,0,0,0,0,0,0,0,0,0,50,0,0,0,0,0,0,0,2,0,0,0,0,4,21,0,0,0,0,0,0,1,0,0,0,0,0,0,0,0,0,0,0,0
2018,SHA5RA,July,C,0,0,0,0,0,0,0,0,0,0,0,0,0,0,0,0,0,0,0,0,0,0,0,0,0,0,0,0,1,0,0,10,0,0,0,0,0,0,0,0,0,0,0,0,0,0,0,0,0
2018,SHA5RB,July,C,0,0,0,0,0,0,0,0,0,0,0,0,0,0,0,2,2,0,0,0,0,0,0,0,0,0,1,0,4,0,0,9,0,3,0,0,1,0,0,1,0,0,0,0,0,0,0,0,0
2018,SHA5RC,July,T,0,0,0,0,0,0,0,0,0,0,0,0,0,0,0,0,0,0,0,0,0,0,0,0,0,0,0,207,0,0,0,0,0,0,0,0,0,0,0,0,0,0,0,0,0,0,0,0,0
2018,SHA5RD,July,T,0,0,0,0,0,0,0,0,0,0,0,0,0,0,0,2,1,0,0,0,0,2,0,0,0,0,0,0,8,0,0,0,0,1,0,0,2,0,0,0,0,0,0,0,0,0,0,0,0
2018,SHA10RA,July,T,0,0,0,0,0,0,0,0,3,0,0,0,0,0,0,1,0,0,0,0,0,0,0,0,0,0,1,0,0,17,0,0,0,0,0,0,0,0,0,2,0,1,0,0,0,0,0,0,0
2018,SHA10RB,July,T,0,0,0,0,0,0,0,0,1,0,0,0,0,0,0,3,4,0,0,0,0,3,0,1,0,0,0,9,0,52,0,7,0,0,0,0,14,0,0,0,0,0,0,0,1,0,0,0,0
2018,SHA10RC,July,C,0,0,0,0,0,0,0,0,0,0,0,0,0,0,0,1,2,0,0,0,0,0,0,1,0,0,0,0,0,12,0,0,0,1,0,0,12,0,0,5,0,0,0,1,0,0,0,0,0
2018,SHA10RD,July,C,0,0,0,0,0,0,0,0,0,0,0,0,0,0,0,10,3,0,0,0,0,4,0,3,0,0,2,0,0,28,0,0,0,0,0,0,21,0,0,0,0,0,0,1,0,0,0,0,0
2018,SHA10RE,July,C,0,0,0,0,0,0,0,0,5,0,0,0,0,0,0,0,0,0,0,0,0,0,0,7,0,0,1,0,0,14,0,0,0,4,0,0,9,0,0,0,0,0,0,0,0,3,0,0,0
2018,SHA10RF,July,C,0,0,0,0,0,0,0,0,0,0,0,0,0,0,0,2,3,0,0,0,0,4,0,4,0,0,0,0,0,27,0,0,0,0,0,0,6,0,0,1,0,0,0,0,0,1,0,0,0
2018,SHA11RA,July,C,0,0,0,0,0,0,0,0,0,0,0,0,0,0,0,10,1,0,0,0,0,0,0,0,0,0,0,0,12,0,0,17,0,0,0,0,0,0,0,0,0,0,0,0,0,0,0,0,0
2018,SHA11RB,July,T,0,0,0,0,0,0,0,0,0,0,0,0,0,0,0,0,9,0,0,0,0,0,0,0,0,0,0,0,4,0,0,3,0,1,0,0,2,0,0,0,0,0,0,0,0,0,0,0,0
2018,SHA11RC,July,C,0,0,1,0,0,0,0,0,0,0,0,0,0,0,0,0,0,0,0,0,0,0,0,0,0,0,1,0,0,0,0,1,0,1,0,0,1,0,0,0,0,0,0,0,0,0,0,0,0
2018,SHA11RD,July,T,0,0,0,0,0,0,0,0,0,0,0,0,0,0,0,0,1,0,0,0,0,0,0,0,0,0,0,0,1,0,0,0,0,0,0,0,0,0,0,0,0,0,0,0,0,0,0,0,0
2018,SHA11RE,July,C,0,0,0,0,0,5,0,0,0,0,0,0,0,0,0,1,0,0,0,0,0,0,0,0,0,0,0,0,2,0,0,16,0,4,0,0,0,0,0,0,0,0,0,0,0,0,0,0,0
2018,SHA11RF,July,C,0,0,0,0,0,0,0,0,0,0,0,0,0,0,0,1,0,0,0,0,0,1,0,0,0,0,0,0,5,0,0,16,0,2,0,0,5,0,0,0,0,1,0,0,0,0,0,0,0
2018,SHA1RA,August,T,0,0,0,0,0,0,0,0,0,0,0,0,0,0,0,10,1,1,0,0,0,1,0,6,0,0,0,0,0,8,0,0,0,1,0,0,0,0,0,0,0,0,0,0,0,0,0,0,0
2018,SHA1RB,August,T,0,0,0,0,0,0,0,0,0,0,0,0,0,0,0,7,1,1,0,0,0,0,0,3,0,0,0,0,0,0,0,0,0,2,0,0,1,0,0,1,0,0,0,0,0,0,0,0,0
2018,SHA1RC,August,T,0,0,0,0,0,0,0,0,0,0,0,0,0,0,0,7,1,1,0,0,0,0,0,3,0,0,0,0,0,0,0,0,0,2,0,0,1,0,0,0,0,2,0,0,0,0,0,0,0
2018,SHA4RA,August,T,0,0,0,0,0,0,0,0,0,0,0,0,0,0,0,2,1,0,0,0,0,1,0,4,0,0,0,0,0,6,0,0,0,2,0,0,0,0,0,0,0,1,0,1,0,0,0,0,0
2018,SHA5RA,August,C,0,0,0,0,0,1,0,0,0,0,0,0,0,0,0,1,13,0,0,0,0,12,0,0,0,0,0,0,13,0,0,0,0,0,0,0,2,0,0,1,0,0,0,0,0,0,0,0,0
2018,SHA5RB,August,C,0,0,0,0,0,0,0,0,0,0,0,0,0,0,0,5,3,0,0,1,0,0,0,0,0,0,0,0,7,0,0,10,0,2,0,0,3,0,0,0,0,0,0,0,0,0,0,0,0
2018,SHA5RC,August,T,0,0,0,0,0,0,0,0,0,0,0,0,1,0,0,0,1,0,0,0,0,0,0,0,0,0,0,0,0,0,347,0,0,0,0,0,0,0,0,0,0,0,0,0,0,0,0,0,0
2018,SHA5RD,August,T,0,0,0,0,0,0,0,0,0,0,0,0,0,0,0,9,23,0,0,0,0,0,0,0,0,0,0,0,3,0,0,12,0,0,0,0,10,0,0,0,0,0,0,0,0,0,0,0,0
2018,SHA10RA,August,T,0,0,0,0,0,0,0,0,0,0,0,0,0,0,0,3,0,0,0,0,0,1,0,14,0,0,0,0,0,0,0,0,0,0,0,0,0,0,0,0,0,0,0,0,0,1,0,0,0
2018,SHA10RB,August,T,0,0,0,0,0,0,0,0,2,0,0,0,0,0,0,0,0,1,0,1,0,0,0,5,0,0,5,0,0,2,0,0,0,0,0,0,0,0,0,0,0,0,1,0,0,0,0,0,0
2018,SHA10RC,August,C,0,0,0,0,0,0,0,0,0,0,0,0,0,0,0,2,0,0,0,0,0,1,0,9,0,0,0,0,1,3,0,0,0,3,0,0,5,0,0,1,0,0,1,0,0,0,0,0,0
2018,SHA10RD,August,C,0,0,0,0,0,5,0,0,0,0,0,0,0,0,0,5,0,0,0,0,0,0,0,8,0,0,0,0,0,0,0,0,0,0,0,0,2,0,0,0,0,0,0,0,0,0,0,0,0
2018,SHA10RE,August,C,0,0,0,0,0,0,0,0,4,0,0,0,0,1,0,1,0,0,0,1,0,1,0,3,0,0,0,0,1,1,0,0,0,4,0,0,8,0,0,0,0,0,0,0,0,0,0,0,0
2018,SHA10RF,August,C,0,0,0,0,0,1,0,0,0,0,0,0,0,0,0,5,0,0,0,0,0,1,0,5,0,0,0,0,0,3,0,0,0,1,0,0,2,0,0,0,0,0,1,0,0,0,0,0,0
2018,SHA11RA,August,C,0,0,0,0,0,0,0,0,0,0,0,0,0,0,0,9,2,0,0,0,0,0,0,0,0,0,0,0,12,0,0,3,0,0,0,0,19,0,3,0,0,0,0,0,0,0,0,0,0
2018,SHA11RB,August,T,0,0,0,0,0,0,0,0,0,0,1,0,0,0,0,0,5,0,0,0,0,0,0,0,0,0,0,0,2,0,0,198,0,0,0,0,5,0,0,1,0,0,0,0,0,0,0,0,0
2018,SHA11RC,August,C,0,0,0,0,0,0,0,0,0,0,0,0,0,0,0,7,0,0,0,0,0,0,0,0,0,0,1,0,17,0,0,13,0,1,0,0,3,0,0,0,0,1,0,0,0,0,0,0,0
2018,SHA11RD,August,T,0,0,0,0,0,0,0,0,0,0,0,0,0,0,5,20,10,0,0,0,0,1,0,0,0,0,2,0,3,0,0,5,0,4,0,0,9,0,0,0,0,0,0,0,0,0,0,0,0
2018,SHA11RE,August,C,0,0,1,0,0,1,0,0,1,0,0,0,0,0,0,56,3,0,0,0,0,0,0,0,0,0,0,0,3,0,0,47,0,4,0,0,24,0,0,0,0,0,0,0,0,0,0,0,0
2018,SHA11RF,August,C,0,0,1,0,0,1,0,0,0,0,0,0,0,0,0,0,1,0,0,0,0,3,0,0,0,0,0,0,0,0,0,16,0,0,0,0,8,0,0,0,0,0,0,0,0,0,0,0,0
2018,SHA1RA,September,T,0,0,0,0,0,0,0,0,0,0,0,0,0,0,0,28,0,1,0,0,0,3,0,2,0,0,0,0,0,1,0,0,0,1,0,0,0,0,0,0,0,0,0,0,0,0,0,0,0
2018,SHA1RB,September,T,0,0,0,0,0,0,0,0,0,0,0,0,0,0,0,62,0,0,0,0,0,0,2,1,0,0,0,0,0,0,0,0,0,2,0,0,0,0,0,0,0,0,0,0,0,0,0,0,0
2018,SHA1RC,September,T,0,0,0,0,0,0,0,0,0,0,0,0,0,0,0,9,5,0,0,0,0,11,4,1,0,0,3,0,1,9,0,0,0,1,0,0,3,0,0,0,0,0,0,0,0,0,0,0,0
2018,SHA4RA,September,T,0,0,0,0,0,0,0,0,0,0,0,0,0,0,0,1,0,0,0,0,0,0,0,0,0,0,0,0,0,0,0,0,0,4,0,0,0,0,0,0,0,0,0,0,0,0,0,0,0
2018,SHA5RA,September,C,0,0,0,0,0,0,0,0,0,0,0,0,0,0,0,4,0,0,0,0,0,0,0,0,0,0,0,0,1,0,0,0,0,0,0,0,1,0,0,0,0,0,0,0,0,0,0,0,0
2018,SHA5RB,September,C,0,0,2,0,0,0,0,0,0,0,0,0,0,0,0,0,1,0,0,1,0,0,0,0,0,0,0,0,0,0,0,2,1,0,0,0,1,0,0,0,0,0,1,0,0,0,0,0,0
2018,SHA5RC,September,T,0,0,0,0,0,0,0,0,0,0,0,0,0,0,0,0,0,0,0,0,0,0,0,0,0,0,0,0,82,1,0,0,0,0,0,0,0,0,0,0,0,0,0,0,0,0,0,0,0
2018,SHA5RD,September,T,0,0,0,0,0,0,0,0,0,0,0,0,0,0,0,18,2,0,0,0,0,3,0,0,0,0,7,0,0,1,0,0,0,1,0,0,2,0,0,0,0,0,0,0,0,0,0,0,0
2018,SHA10RA,September,T,0,0,0,0,0,0,0,0,0,0,0,0,0,0,0,0,0,0,0,0,0,0,0,8,0,0,0,0,2,2,0,0,0,0,0,0,3,0,0,0,0,0,0,1,0,0,0,0,0
2018,SHA10RB,September,T,0,0,0,0,0,0,0,0,1,0,0,0,0,0,0,7,1,0,0,0,0,0,0,4,0,0,1,0,0,3,0,0,0,0,0,0,0,0,0,1,0,0,0,0,0,0,0,0,0
2018,SHA10RC,September,C,0,0,0,0,0,0,0,0,0,0,0,0,0,0,0,0,0,0,0,0,0,0,0,0,0,0,0,0,0,0,0,0,0,0,0,0,0,0,0,0,0,0,0,0,0,0,0,0,0
2018,SHA10RD,September,C,0,0,0,0,0,2,0,0,0,0,0,0,0,0,0,12,4,0,0,0,0,0,0,1,0,0,0,0,0,7,0,0,0,0,0,0,6,0,0,0,0,0,1,0,0,0,0,0,0
2018,SHA10RE,September,C,0,0,0,0,0,0,0,0,0,0,0,0,0,0,0,8,0,0,0,1,0,0,0,5,0,0,0,0,2,9,0,0,0,2,0,0,7,0,0,0,0,0,0,0,0,0,0,0,0
2018,SHA10RF,September,C,0,0,0,0,0,0,0,0,0,0,0,0,0,0,0,5,0,0,0,0,0,0,0,0,0,0,0,0,1,2,0,0,0,0,0,0,1,0,0,0,0,0,0,0,0,0,0,0,0
2018,SHA11RA,September,C,0,0,0,0,0,0,0,0,1,0,0,0,0,0,0,11,0,0,0,1,0,0,0,0,0,0,0,0,1,0,0,7,0,0,0,0,1,0,0,0,0,0,0,0,0,0,0,0,0
2018,SHA11RB,September,T,0,0,1,0,0,0,0,0,0,0,0,0,0,0,0,28,0,0,0,0,0,1,0,0,0,0,0,0,1,0,0,9,0,0,0,0,0,0,0,0,0,0,0,0,0,0,1,0,0
2018,SHA11RC,September,C,0,0,2,0,0,0,0,0,0,0,0,0,0,0,0,5,0,0,0,0,0,0,0,0,0,0,0,0,0,0,0,0,0,0,0,0,0,0,0,0,0,0,1,0,0,0,0,0,0
2018,SHA11RD,September,T,0,0,2,0,0,0,0,0,0,0,0,0,0,0,0,0,0,0,0,0,0,0,0,0,0,0,0,0,0,0,0,0,3,0,0,0,0,0,0,0,0,0,0,0,0,0,0,0,0
2018,SHA11RE,September,C,0,0,0,0,0,0,0,0,0,0,0,0,0,0,0,1,0,0,0,0,0,1,0,0,0,0,0,0,0,0,0,0,1,0,0,0,0,0,0,0,0,0,0,0,0,0,0,0,0
2018,SHA11RF,September,C,0,0,2,0,0,0,0,0,1,0,0,0,0,0,0,0,7,0,1,0,0,1,0,0,0,0,0,0,0,0,0,0,2,2,0,0,0,0,0,0,0,0,0,0,0,0,0,0,0
2018,SHA1RA,November,T,2,0,0,0,0,0,0,0,0,0,0,0,0,0,0,11,1,2,0,0,0,2,1,15,0,0,0,0,1,4,0,7,0,0,0,0,0,0,0,0,0,0,0,0,0,0,0,0,0
2018,SHA1RB,November,T,0,0,2,0,0,0,0,0,0,0,0,0,0,0,0,9,0,0,0,0,0,0,0,11,0,0,0,0,0,1,0,1,0,1,0,0,0,0,0,0,0,0,0,0,0,0,0,0,0
2018,SHA1RC,November,T,0,0,0,0,0,2,0,0,0,0,0,0,0,0,0,42,0,1,0,0,0,4,0,12,0,0,0,0,0,0,0,0,0,0,0,0,0,0,0,0,0,0,0,0,0,0,0,0,0
2018,SHA4RA,November,T,0,0,0,0,0,1,0,0,0,0,0,0,0,0,0,18,0,0,0,0,0,5,0,14,0,0,0,0,0,0,0,0,0,0,0,0,0,0,0,0,0,0,0,0,0,0,0,0,0
2018,SHA5RA,November,C,0,0,0,0,0,0,0,0,0,0,0,0,0,0,0,0,0,0,0,0,0,0,0,0,0,0,0,0,0,0,0,0,0,0,0,0,0,0,0,0,0,0,0,0,0,0,0,0,0
2018,SHA5RB,November,C,0,0,0,0,0,0,0,0,0,0,0,0,0,0,0,0,0,0,0,0,0,0,0,0,0,0,0,0,0,0,0,0,0,0,0,0,0,0,0,0,0,0,0,0,0,0,0,0,0
2018,SHA5RC,November,T,0,0,0,0,0,0,0,0,0,0,0,0,0,0,0,0,0,0,0,0,0,0,0,0,0,0,0,0,0,1,0,0,0,0,0,0,1,0,0,0,0,0,0,0,0,0,0,0,206
2018,SHA5RD,November,T,0,0,0,0,0,0,0,0,0,0,0,0,0,0,0,0,0,0,0,0,0,0,0,0,0,0,0,0,0,0,0,0,0,0,0,0,0,0,0,0,0,0,0,0,0,0,0,0,0
2018,SHA10RA,November,T,0,0,0,0,0,0,0,0,0,0,0,0,0,0,0,1,0,0,0,0,0,0,0,10,0,0,0,0,1,2,0,0,0,0,0,0,0,0,0,2,0,0,0,0,0,0,0,0,0
2018,SHA10RB,November,T,0,0,0,0,0,0,0,0,2,0,0,0,0,0,0,10,0,1,0,0,0,1,0,7,0,0,2,0,0,14,0,11,0,0,0,0,1,0,0,0,0,0,0,1,0,0,0,0,0
2018,SHA10RC,November,C,0,0,0,0,0,0,0,0,0,0,0,0,0,0,2,1,0,0,0,0,0,0,0,14,0,0,1,0,0,13,0,0,0,0,0,0,2,0,0,0,0,0,0,0,1,0,0,0,0
2018,SHA10RD,November,C,0,0,0,0,0,0,0,0,0,0,0,0,0,0,0,5,0,0,0,0,0,0,0,10,0,0,0,0,0,19,0,0,0,0,0,0,1,0,0,0,0,0,0,0,0,0,0,0,0
2018,SHA10RE,November,C,0,0,0,0,0,0,0,0,0,0,0,0,0,0,0,1,0,0,0,0,0,0,1,0,0,0,0,0,4,5,0,0,0,0,0,0,0,0,0,0,0,0,0,0,0,0,0,0,0
2018,SHA10RF,November,C,0,0,0,0,0,0,0,0,1,0,0,0,0,0,0,4,0,0,0,0,0,0,0,10,0,0,1,0,0,6,0,0,0,0,0,0,1,0,0,0,0,0,0,0,0,0,0,0,0
2018,SHA11RA,November,C,0,0,1,0,0,0,0,0,0,0,0,0,0,0,1,3,0,0,0,0,0,0,0,0,0,0,0,0,2,5,0,0,0,7,0,0,2,0,0,1,0,0,0,0,0,0,0,0,0
2018,SHA11RB,November,T,0,0,3,0,0,0,0,0,0,0,0,1,0,0,0,8,2,0,0,0,0,3,0,0,0,0,0,0,5,0,0,69,0,5,0,0,0,3,0,1,0,0,0,0,0,1,0,0,0
2018,SHA11RC,November,C,0,0,8,0,0,0,0,0,0,0,0,0,0,0,0,31,0,0,0,1,0,0,0,0,0,0,1,0,5,0,0,21,0,4,0,0,0,0,0,0,0,0,0,0,0,0,0,0,0
2018,SHA11RD,November,T,0,0,0,0,0,0,0,0,0,0,0,0,0,0,0,0,0,0,0,0,0,0,0,0,0,0,0,0,0,0,0,0,0,0,0,0,0,0,0,0,0,0,0,0,0,0,0,0,0
2018,SHA11RE,November,C,0,0,0,0,0,0,0,0,0,0,0,0,0,0,0,6,0,0,0,0,0,1,0,0,0,0,0,0,1,0,0,13,0,0,0,0,9,0,0,0,0,0,0,0,0,0,0,0,0
2018,SHA11RF,November,C,0,0,2,0,0,0,0,0,0,0,0,0,0,0,0,5,0,0,0,0,0,5,0,0,0,0,0,0,0,0,0,54,0,0,0,0,0,0,0,0,0,0,0,0,0,0,0,0,0
2019,SHA1RA,February,T,0,0,0,0,0,0,0,0,0,0,0,0,0,0,0,2,0,0,0,0,0,0,0,0,0,0,0,0,0,17,0,0,0,0,0,0,0,0,0,1,0,0,0,0,0,0,0,0,0
2019,SHA1RB,February,T,0,0,0,0,0,0,0,0,0,0,0,0,0,0,0,0,0,0,0,0,0,0,0,2,0,0,0,0,3,0,0,0,0,0,0,0,0,0,0,0,0,0,0,0,0,0,0,0,0
2019,SHA1RC,February,T,0,0,0,0,0,0,0,0,0,0,0,0,0,0,0,1,0,0,0,0,0,0,0,0,0,0,0,0,0,3,0,3,0,0,0,0,0,0,0,0,0,0,0,0,0,0,0,0,0
2019,SHA4RA,February,T,0,0,0,0,0,0,0,0,0,0,0,0,0,0,0,4,0,0,0,0,0,0,0,0,1,0,0,0,1,3,0,0,0,1,0,0,1,0,0,0,0,0,0,0,0,0,0,0,0
2019,SHA5RA,February,C,0,0,0,0,0,0,0,0,0,0,0,0,0,0,0,27,0,0,0,0,0,0,0,0,0,0,0,0,12,0,0,0,0,0,0,0,0,0,0,0,0,0,0,0,0,0,0,0,0
2019,SHA5RB,February,C,0,0,0,0,0,0,0,0,0,0,0,0,0,0,0,7,1,0,0,0,0,0,0,0,0,0,1,0,22,0,0,0,0,0,0,0,2,0,0,0,0,0,0,0,0,0,0,0,0
2019,SHA5RC,February,T,0,0,0,0,0,0,0,0,0,0,0,0,0,0,0,0,0,0,0,0,0,0,0,0,0,0,0,0,0,0,0,0,0,0,0,0,0,0,0,0,0,0,0,0,0,0,1,0,40
2019,SHA5RD,February,T,0,0,0,0,0,0,0,0,0,0,0,0,0,0,0,24,0,0,0,0,0,2,0,0,0,0,0,0,14,0,0,8,0,0,0,0,4,0,0,0,0,0,0,0,0,0,0,0,0
2019,SHA10RA,February,T,0,0,0,0,0,0,0,0,0,1,0,0,0,0,0,0,0,0,0,0,0,0,2,1,0,0,0,0,2,1,0,0,0,0,0,0,0,0,0,0,0,0,0,0,0,0,0,0,0
2019,SHA10RB,February,T,0,0,0,0,0,0,0,0,0,0,0,0,0,0,0,0,0,0,0,0,0,1,0,0,0,0,0,0,0,3,0,1,0,0,0,0,0,0,0,0,0,0,0,1,0,0,0,0,1
2019,SHA10RC,February,C,0,0,0,0,0,0,0,0,0,0,0,0,0,0,0,0,0,0,0,0,0,1,0,2,0,0,0,0,0,7,0,0,0,0,0,0,2,0,0,0,0,0,0,0,0,0,0,0,0
2019,SHA10RD,February,C,0,0,0,0,0,0,0,0,0,0,0,0,0,0,0,1,0,0,0,0,0,0,0,2,0,0,0,0,3,6,0,0,0,0,0,0,2,0,0,0,0,0,0,0,0,0,0,0,0
2019,SHA10RE,February,C,0,0,0,0,0,0,0,0,0,0,0,0,0,0,0,0,0,0,0,0,0,0,0,2,0,0,0,0,0,2,0,0,0,0,0,0,1,0,0,0,0,0,0,0,0,0,0,0,2
2019,SHA10RF,February,C,0,0,0,0,0,0,0,0,0,0,0,0,0,0,0,0,0,0,0,0,0,0,0,1,0,0,0,0,1,2,0,0,0,0,0,0,1,0,0,0,0,0,0,0,0,0,0,0,0
2019,SHA11RA,February,C,0,0,0,0,0,0,0,0,0,0,0,0,0,0,0,1,0,0,0,0,0,6,0,0,0,0,0,0,5,0,0,6,0,0,0,0,3,0,0,0,0,0,0,0,0,0,0,0,0
2019,SHA11RB,February,T,0,0,0,0,0,0,0,0,0,0,0,0,0,0,0,2,0,0,0,0,0,3,0,0,0,0,0,0,2,0,0,20,0,0,0,0,0,0,0,0,0,0,0,0,0,2,0,0,0
2019,SHA11RC,February,C,0,0,0,0,0,0,0,0,0,0,0,0,0,0,0,1,0,0,0,0,0,0,0,0,0,0,0,0,0,0,0,4,0,0,0,0,0,0,0,0,0,0,0,0,0,0,0,0,0
2019,SHA11RD,February,T,0,0,0,0,0,0,0,0,0,0,0,0,0,0,0,2,0,0,0,0,0,0,0,0,0,0,0,0,0,6,0,2,0,0,0,0,0,0,0,0,0,0,0,0,0,0,1,0,13
2019,SHA11RE,February,C,0,0,4,0,0,0,0,0,0,0,0,0,0,0,0,2,0,0,0,0,0,0,0,0,0,0,2,0,3,0,0,12,0,0,0,0,1,0,0,0,0,0,0,0,0,0,0,0,0
2019,SHA11RF,February,C,0,0,0,0,0,0,0,0,0,0,0,0,0,0,0,0,0,0,0,0,0,1,0,0,0,0,0,0,0,0,0,9,0,0,0,0,1,0,0,0,0,0,0,0,0,0,0,0,0
2019,SHA1RA,March,T,0,0,0,0,0,0,0,0,0,0,0,0,0,0,0,9,0,1,0,0,0,0,0,2,0,0,0,0,0,13,0,0,0,0,0,0,1,0,0,2,0,0,1,0,0,0,0,0,0
2019,SHA1RB,March,T,0,0,0,0,0,0,0,0,0,0,0,0,0,0,0,21,0,0,0,0,0,14,0,3,0,0,0,0,0,7,0,0,0,0,0,0,0,0,0,2,0,0,0,0,0,0,0,0,0
2019,SHA1RC,March,T,0,0,0,0,0,0,0,0,0,0,0,0,0,0,0,0,1,0,0,0,0,1,0,0,0,0,0,0,2,1,0,24,0,0,0,0,0,0,0,0,0,0,0,0,0,0,0,0,0
2019,SHA4RA,March,T,0,0,0,0,0,0,0,0,0,0,0,0,0,0,0,11,14,0,0,0,0,0,4,1,0,0,3,0,0,6,0,0,0,0,0,0,2,0,0,0,0,0,0,0,0,0,0,0,0
2019,SHA5RA,March,C,0,0,0,0,0,0,0,0,0,0,0,0,0,0,0,3,4,0,0,0,0,0,0,0,0,0,0,0,14,2,0,0,0,0,0,0,1,0,0,1,0,0,0,0,0,0,0,0,0
2019,SHA5RB,March,C,0,0,0,0,0,0,0,0,1,0,0,0,0,0,0,0,9,0,0,0,0,0,0,0,0,0,0,0,24,0,0,0,0,0,0,0,3,0,0,4,0,0,0,0,0,0,0,0,0
2019,SHA5RC,March,T,0,0,0,0,0,0,0,0,0,0,0,0,0,0,0,0,1,0,0,0,0,0,0,0,0,0,0,0,0,0,0,0,0,0,0,0,0,0,27,0,0,0,0,0,0,0,0,1,43
2019,SHA5RD,March,T,0,0,0,0,0,0,0,0,0,0,0,0,0,0,0,25,3,0,0,0,0,6,0,0,0,0,0,0,10,0,0,24,0,0,0,0,2,0,1,0,0,0,0,0,0,0,0,2,0
2019,SHA10RA,March,T,0,0,0,0,0,0,0,0,0,0,0,0,0,0,0,3,0,0,0,0,0,0,0,2,0,0,1,0,1,8,0,0,0,0,0,0,14,0,0,6,0,0,0,0,0,0,0,0,0
2019,SHA10RB,March,T,0,0,0,0,0,0,0,0,1,0,0,0,0,0,0,1,0,0,0,0,0,1,0,0,0,0,0,0,0,14,0,0,0,0,0,0,0,0,0,1,0,0,0,0,0,0,0,0,0
2019,SHA10RC,March,C,0,0,0,0,0,0,0,0,0,0,0,0,0,0,0,2,3,0,0,0,0,0,0,5,0,0,0,0,0,12,0,0,0,0,0,0,16,0,0,0,0,0,0,3,0,0,0,0,0
2019,SHA10RD,March,C,0,0,0,0,0,0,0,0,0,0,0,0,0,0,0,2,1,0,0,0,0,0,1,0,0,0,0,0,0,51,0,0,0,0,0,0,6,0,0,0,0,0,1,0,0,0,0,0,0
2019,SHA10RE,March,C,0,0,0,0,0,0,0,0,0,0,0,0,0,0,0,0,0,0,0,0,0,0,0,0,0,0,0,0,0,4,0,0,0,1,0,0,2,0,0,0,0,0,0,0,0,0,0,0,0
2019,SHA10RF,March,C,0,0,0,0,0,0,0,0,2,0,0,0,0,0,0,2,4,0,0,0,0,1,0,0,0,0,1,0,0,22,0,0,0,0,0,0,2,0,0,0,0,0,0,0,0,0,0,0,0
2019,SHA11RA,March,C,0,0,0,0,0,0,0,0,0,0,0,0,0,0,0,9,1,0,0,1,0,1,0,0,0,0,0,0,0,0,0,12,0,0,0,0,6,0,3,0,0,0,0,0,0,0,1,0,0
2019,SHA11RB,March,T,1,0,0,0,0,0,0,0,0,0,0,0,0,0,1,11,1,0,0,0,0,5,0,0,0,0,1,0,5,0,0,40,0,1,0,0,0,3,0,0,0,0,0,0,0,0,4,5,0
2019,SHA11RC,March,C,0,0,6,0,0,0,0,0,0,0,0,0,0,0,0,3,2,0,0,0,0,0,0,0,0,0,3,0,10,0,0,35,0,0,0,0,3,0,0,0,0,0,0,0,0,0,0,1,0
2019,SHA11RD,March,T,0,0,3,0,0,0,0,0,0,0,0,0,0,0,1,5,13,0,0,0,0,2,3,0,0,0,0,0,37,11,0,78,0,0,0,0,5,0,0,0,0,0,0,0,0,0,0,0,0
2019,SHA11RE,March,C,0,0,3,0,0,0,0,0,0,0,0,0,0,0,0,13,4,0,0,0,0,3,0,0,0,0,2,0,24,1,0,60,0,0,0,0,13,0,0,0,0,0,0,0,0,0,0,0,0
2019,SHA11RF,March,C,0,0,0,0,0,2,0,0,2,0,0,0,0,0,0,0,2,0,0,0,0,3,0,0,0,0,2,0,8,0,0,19,0,0,0,0,1,0,0,0,0,0,0,0,0,0,0,0,0
2019,SHA1RA,April,T,0,0,0,0,0,2,0,0,0,0,0,0,0,0,0,151,0,1,0,0,0,13,0,2,0,0,0,0,0,7,0,15,0,0,0,0,0,0,0,4,0,0,0,0,0,0,0,0,0
2019,SHA1RB,April,T,0,0,0,0,0,0,0,0,0,0,0,0,0,0,0,188,2,0,0,0,0,9,0,1,0,0,0,0,0,10,0,0,0,0,0,0,3,0,0,0,0,0,0,0,0,1,0,0,0
2019,SHA1RC,April,T,0,0,0,0,0,0,0,0,0,0,0,0,0,0,0,48,6,4,0,0,0,8,0,1,0,0,1,0,20,14,0,2,0,0,0,0,0,0,0,6,0,0,0,0,0,1,0,0,0
2019,SHA4RA,April,T,0,0,0,0,0,0,0,0,0,1,0,0,0,0,0,103,2,0,0,1,0,2,0,2,0,0,0,0,0,46,0,10,0,2,0,0,0,0,0,3,0,0,0,0,0,0,0,0,0
2019,SHA5RA,April,C,0,0,0,0,0,0,0,0,0,0,0,0,0,0,0,62,18,0,0,0,0,7,0,0,0,0,0,0,70,12,0,0,0,0,0,0,0,0,0,0,0,0,0,0,0,0,0,0,0
2019,SHA5RB,April,C,0,0,0,0,0,0,0,0,8,0,0,0,0,0,0,15,47,0,0,0,0,8,3,0,0,0,0,0,56,0,0,0,0,0,0,0,0,0,0,7,0,0,0,0,0,1,0,0,0
2019,SHA5RC,April,T,0,0,0,1,0,0,0,0,0,0,0,1,0,0,0,11,17,0,0,0,0,0,0,0,0,0,0,0,0,0,0,0,0,0,0,0,2,0,55,0,0,0,0,0,0,0,0,0,69
2019,SHA5RD,April,T,0,0,0,0,0,0,0,0,0,0,0,0,0,0,0,127,10,0,0,0,0,11,0,0,0,0,0,0,55,0,0,177,0,2,0,0,0,0,6,0,0,0,0,0,0,0,0,2,0
2019,SHA10RA,April,T,0,0,0,0,0,0,0,0,0,0,0,0,0,0,0,4,4,0,0,0,0,2,4,0,0,0,0,0,22,15,0,0,0,0,0,0,10,0,0,0,0,0,0,0,0,0,0,0,0
2019,SHA10RB,April,T,0,0,0,0,0,0,0,0,1,0,0,0,0,0,0,37,3,0,0,0,0,1,0,4,0,0,4,0,0,13,0,3,0,0,0,0,0,0,0,0,0,0,3,2,0,0,0,0,0
2019,SHA10RC,April,C,0,0,0,0,0,0,0,0,0,0,0,0,0,0,4,11,6,0,0,0,0,2,0,9,0,0,0,0,1,48,0,0,0,0,0,0,17,0,0,0,0,0,0,0,0,0,0,0,0
2019,SHA10RD,April,C,0,0,0,0,0,0,0,0,0,0,0,0,0,0,0,7,2,0,0,0,0,0,0,0,0,0,0,0,0,33,0,0,0,0,0,0,3,0,0,0,0,0,1,1,0,0,0,0,0
2019,SHA10RE,April,C,0,0,0,0,0,0,0,0,8,0,0,0,0,0,0,11,1,0,0,0,0,2,0,1,0,0,0,0,0,48,0,0,0,0,0,0,5,0,2,1,0,0,0,0,0,0,0,0,0
2019,SHA10RF,April,C,0,0,0,0,0,1,0,0,9,0,0,0,0,0,0,2,4,0,0,0,0,0,0,3,0,0,0,0,2,82,1,0,0,0,0,0,11,0,0,0,0,0,0,1,0,0,0,0,0
2019,SHA11RA,April,C,0,0,0,0,0,0,0,0,0,0,0,0,0,0,0,38,22,0,0,0,0,2,0,0,0,0,0,0,35,0,0,57,0,0,0,0,23,0,0,0,0,0,0,0,0,0,0,0,0
2019,SHA11RB,April,T,0,0,0,0,0,0,0,0,0,0,0,0,0,0,0,70,13,0,0,0,0,7,0,0,0,0,1,0,49,0,0,72,0,4,0,0,5,3,0,1,0,0,0,0,0,0,0,1,0
2019,SHA11RC,April,C,0,0,2,0,0,0,0,0,0,0,0,0,0,0,0,14,27,0,3,0,0,0,0,0,0,0,1,0,20,0,0,42,0,0,0,0,7,0,0,0,0,0,0,0,0,0,0,4,0
2019,SHA11RD,April,T,0,0,1,0,0,0,0,0,5,0,0,0,0,0,1,13,10,0,1,0,0,2,0,0,0,5,6,0,11,1,0,9,0,0,0,0,6,0,0,0,0,0,0,0,0,1,0,0,0
2019,SHA11RE,April,C,0,0,3,0,0,0,0,0,2,0,0,0,0,0,0,9,33,0,7,1,0,1,0,0,0,0,2,0,33,0,0,3,0,6,0,0,14,0,0,0,0,0,0,0,0,0,0,0,0
2019,SHA11RF,April,C,0,0,1,0,0,0,0,0,3,0,0,0,0,0,5,18,5,0,0,0,0,7,0,0,0,0,0,0,9,0,0,173,0,0,0,0,6,0,0,0,0,0,0,0,0,0,0,0,0
2019,SHA1RA,May,T,0,0,1,0,0,1,0,0,1,0,0,0,0,0,0,294,10,0,0,0,0,9,0,0,0,0,0,0,0,2,0,2,0,6,0,0,4,0,0,3,0,0,0,1,0,0,0,0,0
2019,SHA1RB,May,T,0,0,0,0,0,0,0,0,0,0,0,0,0,0,0,186,3,0,0,0,0,74,0,1,0,0,0,0,0,4,0,0,0,2,0,0,9,0,0,1,0,0,0,0,0,0,0,0,0
2019,SHA1RC,May,T,0,0,1,0,0,1,0,0,0,0,0,0,0,0,0,79,2,0,0,0,0,33,0,1,0,1,2,0,1,9,0,10,0,1,0,0,0,0,0,3,0,0,0,0,0,1,0,0,0
2019,SHA4RA,May,T,0,0,0,0,0,0,0,0,0,0,0,0,0,0,0,124,73,0,0,0,0,0,6,0,0,0,7,0,4,53,0,1,0,3,0,0,3,0,0,3,1,0,0,0,0,0,0,0,0
2019,SHA5RA,May,C,0,0,0,0,0,1,0,0,0,0,0,0,0,0,0,80,18,0,0,0,0,3,0,0,0,0,0,0,52,29,0,0,0,4,0,0,0,0,0,0,0,0,0,0,0,0,0,0,0
2019,SHA5RB,May,C,0,0,0,0,0,0,0,0,12,0,0,0,0,0,0,20,48,0,0,1,0,8,0,0,0,0,0,0,0,0,0,0,0,2,0,0,9,0,0,31,0,0,0,0,0,0,0,0,0
2019,SHA5RC,May,T,0,0,0,0,0,8,0,0,0,0,0,0,0,0,0,3,22,0,1,0,0,0,0,0,0,0,0,0,0,2,0,0,0,0,0,0,1,0,27,1,0,0,0,0,0,0,0,0,49
2019,SHA5RD,May,T,0,0,0,0,0,0,0,0,0,0,0,0,0,0,0,206,11,0,0,0,0,60,0,0,0,0,0,0,4,0,0,679,0,3,0,0,0,0,0,1,0,0,0,0,0,0,0,3,0
2019,SHA10RA,May,T,0,0,0,0,0,2,0,0,0,0,0,0,0,0,0,119,9,0,0,0,0,0,3,2,0,0,1,0,70,52,0,0,0,0,0,0,4,0,0,4,1,0,0,0,0,0,0,0,0
2019,SHA10RB,May,T,0,0,0,0,0,0,0,0,2,0,0,0,0,0,0,45,21,0,0,0,0,9,0,1,0,0,2,0,0,4,0,0,0,0,0,0,1,0,0,0,0,0,0,1,0,0,0,0,0
2019,SHA10RC,May,C,0,0,0,0,0,0,0,0,0,0,0,0,0,0,3,8,24,0,0,0,0,0,2,4,0,0,0,0,0,62,0,0,0,0,0,0,13,0,0,2,0,0,0,0,0,0,0,0,0
2019,SHA10RD,May,C,0,0,0,0,0,2,0,0,4,0,0,0,0,0,11,11,16,0,0,0,0,4,0,3,0,0,0,0,0,68,0,0,0,1,0,0,5,0,0,2,0,0,0,1,0,1,0,0,0
2019,SHA10RE,May,C,0,0,0,0,0,1,0,0,14,0,0,0,0,0,0,3,22,0,0,0,0,5,0,1,0,0,0,0,0,65,0,0,0,0,0,0,12,0,0,11,0,0,0,0,0,0,0,0,0
2019,SHA10RF,May,C,0,0,0,26,0,4,0,0,14,2,0,0,0,0,0,5,14,0,0,0,0,4,1,1,0,0,0,0,0,47,0,0,0,0,0,0,14,0,0,5,0,0,0,1,0,0,0,0,0
2019,SHA11RA,May,C,0,0,0,0,0,0,0,0,0,0,0,0,0,0,0,97,15,0,0,0,0,7,0,0,0,0,0,0,9,0,0,526,0,1,0,0,6,0,0,0,0,0,0,0,0,0,0,0,0
2019,SHA11RB,May,T,0,0,0,0,0,0,0,0,0,0,0,0,0,0,0,107,52,0,0,0,0,14,0,0,0,0,0,0,13,0,0,82,0,11,0,0,7,2,0,3,2,0,0,0,0,11,0,0,0
2019,SHA11RC,May,C,0,0,6,0,0,0,0,0,0,0,0,0,1,0,0,21,21,0,0,0,0,2,0,0,0,0,0,0,0,0,0,144,0,7,0,0,1,0,0,0,0,0,0,0,0,0,0,0,0
2019,SHA11RD,May,T,0,0,3,0,0,3,0,0,4,0,0,0,0,0,4,63,17,0,0,0,0,4,0,0,0,2,5,0,3,2,0,81,0,3,0,0,2,0,0,0,0,0,0,0,0,0,0,0,0
2019,SHA11RE,May,C,0,0,3,0,0,0,0,0,1,0,0,0,0,0,0,68,31,0,3,0,0,2,5,0,0,0,0,0,33,0,0,203,0,13,0,0,1,0,0,0,0,0,0,0,0,0,0,0,0
2019,SHA11RF,May,C,0,0,5,0,0,11,0,0,12,1,0,0,0,0,6,18,29,0,0,0,0,23,0,0,0,0,0,0,11,0,0,229,0,3,0,0,3,0,0,1,0,0,0,0,0,2,0,0,0
2019,SHA1RA,June,T,0,0,1,0,0,1,0,0,0,0,0,0,0,0,0,190,4,0,0,0,0,16,0,1,0,0,0,0,0,2,0,0,0,1,0,0,1,0,0,1,0,0,0,0,0,0,0,0,0
2019,SHA1RB,June,T,0,0,0,0,0,0,0,0,0,6,0,0,0,0,0,525,3,0,0,0,0,27,0,0,0,0,0,0,0,0,0,0,0,5,0,0,3,0,0,2,0,0,0,0,0,0,0,0,0
2019,SHA1RC,June,T,0,0,0,0,0,1,0,0,0,0,0,0,0,0,0,53,2,1,0,0,0,6,0,0,1,0,3,0,0,4,0,2,0,0,0,0,0,0,0,0,0,0,0,0,0,1,0,0,0
2019,SHA4RA,June,T,0,0,0,0,0,0,0,0,0,0,0,0,0,0,0,28,11,0,0,0,0,6,0,0,0,0,1,0,30,42,0,0,0,4,0,0,1,0,0,1,0,0,0,0,0,0,0,0,0
2019,SHA5RA,June,C,0,0,0,0,0,1,0,0,0,0,0,0,0,0,0,57,10,0,0,0,0,3,0,0,0,0,0,0,16,41,0,0,0,0,0,0,1,0,0,1,0,0,0,0,0,0,0,0,0
2019,SHA5RB,June,C,0,0,1,0,0,1,0,0,5,0,0,0,1,0,0,0,18,0,0,0,0,4,0,0,0,0,0,0,38,0,0,3,0,0,0,0,11,0,0,1,0,0,0,0,0,0,0,0,0
2019,SHA5RC,June,T,0,0,1,0,0,3,0,0,0,0,0,0,0,0,0,1,36,0,0,0,0,0,0,0,0,0,0,0,0,0,0,0,0,0,0,0,0,0,1,0,0,0,0,0,0,1,0,0,21
2019,SHA5RD,June,T,0,0,0,0,0,15,0,0,0,0,0,0,0,0,0,344,6,0,0,0,0,12,0,0,0,0,0,0,1,0,0,183,0,10,0,0,1,0,0,0,0,0,0,0,0,0,0,1,0
2019,SHA10RA,June,T,0,0,0,0,0,0,0,0,0,0,0,0,0,0,0,37,0,0,0,0,0,11,0,3,0,0,0,0,5,1,0,1,0,0,0,0,5,0,0,3,0,0,0,6,0,0,0,0,0
2019,SHA10RB,June,T,0,0,0,0,0,0,0,0,6,0,0,0,2,0,0,23,9,0,3,0,0,6,0,4,0,0,10,0,1,10,0,2,0,0,0,0,1,0,0,1,0,0,0,1,0,0,0,0,0
2019,SHA10RC,June,C,0,0,0,0,0,0,0,0,1,0,0,0,0,0,0,10,8,0,0,0,0,2,4,3,0,0,0,0,0,35,0,1,0,0,0,0,3,0,0,0,0,0,0,0,0,0,0,0,0
2019,SHA10RD,June,C,0,0,0,0,0,3,0,0,0,0,0,0,0,0,5,8,15,0,0,0,0,2,0,1,0,0,1,0,0,36,0,0,0,0,0,0,7,0,0,0,0,0,0,0,0,0,0,0,0
2019,SHA10RE,June,C,0,0,0,0,0,0,0,0,7,0,0,0,2,0,0,4,0,0,0,0,0,1,0,1,0,0,0,0,15,18,0,0,0,0,0,0,8,0,0,3,0,0,0,1,0,0,0,0,0
2019,SHA10RF,June,C,0,0,0,0,0,2,0,0,4,0,0,0,1,0,0,4,2,0,0,0,0,0,0,0,0,0,0,0,18,37,0,0,0,0,0,0,5,0,0,0,0,0,0,0,0,0,0,0,0
2019,SHA11RA,June,C,0,0,3,0,0,1,0,0,0,0,0,0,0,0,0,87,1,0,0,0,0,1,0,0,0,0,0,0,19,0,0,32,0,0,0,0,0,0,0,0,0,0,0,0,0,0,0,0,0
2019,SHA11RB,June,T,0,0,0,0,0,0,1,0,0,0,0,0,0,0,0,195,16,0,0,1,0,15,0,0,0,0,0,0,19,0,0,15,0,3,0,0,0,4,0,0,0,0,0,0,0,2,0,2,0
2019,SHA11RC,June,C,0,0,3,0,0,0,0,0,0,0,0,0,0,0,0,90,2,0,0,0,0,3,0,0,0,0,0,0,3,0,0,122,0,5,0,0,1,0,0,0,0,0,0,0,0,0,0,3,0
2019,SHA11RD,June,T,0,0,4,0,0,8,0,0,4,0,0,1,0,0,1,102,2,0,1,0,0,4,0,0,0,0,2,0,16,38,0,106,0,2,0,0,1,0,0,1,0,0,0,0,0,0,0,0,0
2019,SHA11RE,June,C,0,0,1,0,0,3,0,0,5,0,0,0,0,0,0,33,20,0,1,0,0,4,0,0,0,0,5,0,41,0,0,92,0,5,0,0,3,0,0,0,0,0,0,0,0,0,0,0,0
2019,SHA11RF,June,C,0,0,0,0,0,4,0,0,9,1,0,0,0,0,0,11,4,0,1,0,0,10,0,0,0,0,1,0,8,0,0,196,0,1,0,0,4,0,0,2,0,0,0,0,0,0,0,0,0