"","time_code","Site","total","FD_veg","SR","FRich","FEve","FDiv","jost","mean_FRich_Null","mean_FEve_Null","mean_FDiv_Null","sd_FRich_Null","sd_FEve_Null","sd_FDiv_Null","time_numeric","Month","season","SES_FRich","SES_FDiv","SES_FEve"
"1",2018-02-01,"SHA10RC",73,7.58563274047168,6,3.78355461995177,0.505398424271964,0.65698106400472,2.71083840641194,2.41029763046986,0.623847571075378,0.758330334879479,1.13735165383689,0.146327903352164,0.126529334529369,1,"Feb","DRY",-0.112100545279564,0.261518761278751,-0.215476939437042
"2",2018-02-01,"SHA10RD",94,8.62531446286173,8,3.69902761787336,0.400198579660784,0.867342481920611,4.19887279196418,4.59128334514932,0.596356022283146,0.72034562482442,1.82953909349772,0.123539423988632,0.116748786370533,1,"Feb","DRY",-0.0696884483216908,0.283427313124489,-0.255224508505601
"3",2018-02-01,"SHA10RE",105,5.69926225779684,4,0.0799140709970779,0.0791808559656055,0.99053628113256,1.45181308756933,0.604284035516858,0.653621085204457,0.802885969554982,0.521104693129313,0.184469947340791,0.127334433653425,1,"Feb","DRY",-0.244668187123945,0.259865253114552,-0.170923715342718
"4",2018-02-01,"SHA10RF",32,8.97521948315104,7,4.5093702818086,0.654121811817527,0.953858987939451,2.70621811975121,3.43723098173935,0.545239250691628,0.734699325279416,1.44079955369712,0.146681196758239,0.13282541234907,1,"Feb","DRY",-0.0884909633977655,0.249122470213637,-0.214957945976756
"5",2018-02-01,"SHA11RA",78,8.84965708210145,6,5.0007645847202,0.520712981396821,0.704491352169881,4.16078441864517,2.38320137721517,0.627888361369402,0.775778672908263,1.17849783074598,0.168973152740149,0.121674065245125,1,"Feb","DRY",-0.108186656982664,0.271954378814274,-0.186599399119052
"6",2018-02-01,"SHA11RC",82,9.94191295847446,9,3.6553768367159,0.612633337156795,0.701823114864582,5.59389583210576,5.79081949873243,0.589057544633827,0.710962577379248,2.08944597379422,0.120647112832555,0.110554368328756,1,"Feb","DRY",-0.0610198790343478,0.299307891056334,-0.261343085866664
"7",2018-02-01,"SHA11RE",139,12.469653119309,11,8.97176298083967,0.537398838611082,0.656396496985062,6.5966303592579,8.28435650905696,0.541290801647963,0.706885301930945,2.38858487954472,0.113576584846029,0.0905397958188157,1,"Feb","DRY",-0.0533779400772354,0.365472381865795,-0.277612580192545
"8",2018-02-01,"SHA11RF",34,8.5856122670258,7,2.36244692291975,0.792349968163578,0.678988311922535,4.97900759324924,3.38480480760051,0.533294522094716,0.737156195790684,1.44144966519344,0.152172233566741,0.133002585394881,1,"Feb","DRY",-0.0884510528868304,0.248790613605762,-0.207201327269306
"9",2018-02-01,"SHA5RA",48,6.95323623545575,6,2.84755325552344,0.842197591818615,0.787581781962326,4.74540634549819,2.4455158094434,0.599124507539736,0.749324730079559,1.27598495639087,0.151090038447222,0.137346628398333,1,"Feb","DRY",-0.0999210374159556,0.240921784665715,-0.208685424218604
"10",2018-02-01,"SHA5RB",132,10.7870433930839,10,4.24778067788521,0.614878647932606,0.735025332764922,3.82856636497869,7.1007352600084,0.56465425794076,0.705758524724199,2.22630161003527,0.109629668898968,0.110033791504022,1,"Feb","DRY",-0.0572688534181622,0.300723935613323,-0.287607260746368
"11",2018-03-01,"SHA10RC",35,5.65868504027015,3,1.73261150950738,0.774538790577502,0.349999145587685,1.54434476007559,1.17675934446621,0.603007434606178,0.800422436591863,0.926962708241816,0.274793845160222,0.171049560946021,2,"Mar","DRY",-0.10260882312111,-0.446276445290219,0.160029884261288
"12",2018-03-01,"SHA10RD",31,4.53278688789583,4,1.02914079238836,0.469630127144819,0.939758141737761,1.93332808075088,2.36260686074358,0.557258263667691,0.786365434388582,1.1141778212215,0.231013677430054,0.163821183025011,2,"Mar","DRY",-0.0853674797309943,-0.465967762031047,0.190357678064405
"13",2018-03-01,"SHA10RE",26,6.81321845817587,6,3.73765630599903,0.456418964496949,0.511106084890194,2.66346571141211,4.16406795848963,0.517743693246975,0.765640437305227,1.25050613659275,0.152478805413381,0.162611581714866,2,"Mar","DRY",-0.076060844314613,-0.469433906382477,0.288402228214502
"14",2018-03-01,"SHA10RF",8,3.69543726465873,2,NA,NA,NA,1.45756926498109,NA,NA,NA,NA,NA,NA,2,"Mar","DRY",NA,NA,NA
"15",2018-03-01,"SHA11RA",82,6.21347736839592,5,3.32377594693006,0.580901973150596,0.632283748561026,3.19465145502517,3.36321100796785,0.521524821184832,0.779796629471271,1.15389600767832,0.187207022207315,0.168075483262481,2,"Mar","DRY",-0.0824290507436827,-0.454173259214915,0.234901590326061
"16",2018-03-01,"SHA11RC",79,6.31964763611361,5,3.43850024452185,0.733507973963751,0.505773880141173,2.43302089006419,3.34895788372119,0.536050625619609,0.781119984336924,1.17455740391081,0.183414160708277,0.167293347337102,2,"Mar","DRY",-0.0809790583696939,-0.456296626509745,0.239759171630416
"17",2018-03-01,"SHA11RE",128,12.7932077592353,11,8.86279767826462,0.493942810347518,0.529757824321395,2.60008417725212,7.7956158108559,0.527310731169226,0.709037818894748,1.97130520405344,0.0812016404077654,0.13644197607827,2,"Mar","DRY",-0.0482495315156034,-0.559471448754544,0.541555897342428
"18",2018-03-01,"SHA11RF",134,7.60647578364475,7,4.74008733134507,0.454418410795017,0.950696127403761,2.71944451271342,5.01656866601267,0.516995710129627,0.754443787954247,1.4037455377992,0.129806412479604,0.161724976710359,2,"Mar","DRY",-0.0677576882765878,-0.472007426312111,0.338775461062945
"19",2018-03-01,"SHA5RA",31,6.71044972144458,5,3.67525048826669,0.698387489613133,0.944995618552992,3.503312532061,3.34880621634313,0.537108599772774,0.777941484709863,1.2355806812428,0.188374962368299,0.164974232107804,2,"Mar","DRY",-0.0769796371971267,-0.4627109885716,0.23344518126951
"20",2018-03-01,"SHA5RB",41,7.60647578364475,7,4.22459086755739,0.569763861058353,0.861199535601919,3.66743607982549,5.04384838930893,0.518733476620386,0.757820603392165,1.46121594718668,0.133273361971663,0.158590214404324,2,"Mar","DRY",-0.0650927419406942,-0.481337327868331,0.32996261658091
"21",2018-04-01,"SHA10RC",170,14.9486879843922,12,8.50192802593626,0.71600829495255,0.708535989344289,3.88683137046175,6.58137804818597,0.558835980071417,0.732871009780527,3.07562033478828,0.0976917347225974,0.11659804461792,3,"Apr","DRY",0.140810697056708,0.215226222318166,0.435365876951967
"22",2018-04-01,"SHA10RD",97,15.0454097989197,12,10.2938409405415,0.463598624549893,0.700465372680103,4.47237721446939,6.6601179156974,0.5432893876737,0.733199079188056,3.00011550358918,0.0986418890237463,0.111021771666356,3,"Apr","DRY",0.144354523252591,0.226036355717827,0.431172275585921
"23",2018-04-01,"SHA10RE",126,10.9132281894034,10,1.12033351320997,0.610932316451838,0.72818579224769,5.11409825651767,4.21575260821488,0.545477327030025,0.734227388961131,2.1607245566055,0.106150507779745,0.124408268017389,3,"Apr","DRY",0.200432878822691,0.201714540944273,0.400673050445627
"24",2018-04-01,"SHA10RF",70,11.6009812499787,9,6.95763320918286,0.838273688339304,0.7258295666344,5.78485839157419,3.17942661268032,0.596215788209235,0.763353870528392,1.7908666454864,0.122268803093302,0.111693063768241,3,"Apr","DRY",0.241827187029718,0.224677843244329,0.347853636270627
"25",2018-04-01,"SHA11RA",97,6.45597713392625,5,0.0520844655193205,0.666683360727416,0.903802944281375,3.74327885243989,0.236068547152308,0.603738735689942,0.796664993259558,0.271116290434308,0.200946209568453,0.162242098259851,3,"Apr","DRY",1.59739660988117,0.154675986947648,0.211656879967044
"26",2018-04-01,"SHA11RC",84,10.7921056200582,9,3.94096906744022,0.491515435959164,0.75850270237066,5.01329899583784,3.2239858950397,0.574099315247125,0.783138566100536,1.85364647632159,0.117230055002023,0.113388219763221,3,"Apr","DRY",0.233636914457786,0.221318905307831,0.362804979983405
"27",2018-04-01,"SHA11RE",179,8.16069425979087,7,0.553211007862112,0.490109013842876,0.83701856835397,2.98658917763615,1.40887137912531,0.569847754830317,0.8273548251599,1.03918035187905,0.117121206650884,0.112212054468957,3,"Apr","DRY",0.416751762521516,0.223638688299234,0.363142158236478
"28",2018-04-01,"SHA11RF",74,11.3419953268348,10,3.88359581848606,0.628733298677288,0.831576049639876,5.52484600603613,4.29963686208254,0.553930722292872,0.773264507085868,2.32511480599696,0.109401142975532,0.111522257911013,3,"Apr","DRY",0.186261874943258,0.225021956539151,0.3887678556336
"29",2018-04-01,"SHA5RA",44,8.32585034858718,7,1.44393197963069,0.620893546010921,0.940776186706182,4.41080679993393,1.37265391753273,0.592289182826242,0.790920917380615,0.940474907211486,0.119448545128581,0.111651351061515,3,"Apr","DRY",0.460491013532099,0.224761782407573,0.356066687230716
"30",2018-04-01,"SHA5RB",363,10.8519643912174,9,2.01559265406787,0.574394564486605,0.841859082758644,2.41825409910647,3.25442646393249,0.538101472542355,0.790607530844608,1.93345753664987,0.105207197258898,0.112112811568526,3,"Apr","DRY",0.223992632376984,0.22383665454203,0.404265571810633
"31",2018-05-01,"SHA10RC",144,11.5368713897849,9,1.73530743957946,0.577789222144224,0.754202244176488,3.68133278833849,0.987433225102643,0.582507264624521,0.724086372949187,0.77530980487981,0.127846028917058,0.111073578341263,4,"May","WET",0.0149102359974849,0.0373700296214142,0.0447715048100813
"32",2018-05-01,"SHA10RD",270,12.9382123915739,11,3.39364218314861,0.541192234875113,0.914331955113433,4.15165591274336,2.28073547249644,0.516457939319183,0.749264945628334,1.29957042031949,0.0925346460061553,0.107539945007531,4,"May","WET",0.00889528722812879,0.0385979638773181,0.0618563894244443
"33",2018-05-01,"SHA10RE",127,12.5144652097805,11,3.12223391823116,0.463196842122322,0.745878612687137,5.32161040002889,2.27689992041764,0.559777411604463,0.769172366150719,1.27804268941869,0.0887656333393236,0.1238671708627,4,"May","WET",0.00904512208992012,0.033510274626119,0.0644828283568856
"34",2018-05-01,"SHA10RF",64,9.88641236969233,10,0.626837155868598,0.646695432532613,0.846488784117349,3.61256673144615,1.66548187069618,0.580786260859871,0.727053006570062,1.11771475710675,0.101498658910833,0.121968512294985,4,"May","WET",0.0103425780937576,0.0340319221302836,0.056393445588658
"35",2018-05-01,"SHA11RA",253,8.89739676747128,7,0.0831823668184996,0.273043754879022,0.742910192078516,3.47295344734117,0.198090871916315,0.454788851644898,0.677445081991355,0.232558872933195,0.134014723329473,0.103527952526649,4,"May","WET",0.0497080675362692,0.0400937409797706,0.0427106735469493
"36",2018-05-01,"SHA11RC",121,11.77505055573,9,1.37003738829391,0.517665055087576,0.594955362881862,5.23480571288025,0.968643101503256,0.553600162801596,0.708452004890565,0.74873616933318,0.115607763675209,0.108094580974822,4,"May","WET",0.0154394199658035,0.0383999167704465,0.0495110269124363
"37",2018-05-01,"SHA11RE",90,9.26551091425584,7,0.0298653596482278,0.664254697716568,0.670091864696647,4.94483057944766,0.188006887124368,0.600450853354804,0.814480260001315,0.223074873021206,0.145246236987676,0.121565854333383,4,"May","WET",0.0518213997182147,0.0341446447732454,0.039407968270431
"38",2018-05-01,"SHA11RF",395,13.7225968260797,13,2.59796810810811,0.496907554291605,0.694253265716569,2.81327053505169,4.08402279293465,0.528068536147649,0.77594730424916,1.76924007678663,0.0806238805212512,0.105211033849086,4,"May","WET",0.00653390815276907,0.0394523536259836,0.0709945869834574
"39",2018-05-01,"SHA5RA",104,10.5780690223434,7,0.644316005903343,0.910277422006044,0.761994229058641,5.55988067218779,0.178860640317654,0.615007373727069,0.788017088112709,0.223541745056451,0.15527640579721,0.0970318549281635,4,"May","WET",0.0517131695424613,0.0427779404592696,0.0368623878767851
"40",2018-05-01,"SHA5RB",327,11.9279681250042,11,1.58455940213855,0.488399257865445,0.811438277831187,2.87293259587733,2.24417402361012,0.530738228450379,0.761118128686729,1.29707938657833,0.105790869083604,0.109059894200835,4,"May","WET",0.00891237057773084,0.0380600306206579,0.054105417113895
"41",2018-06-01,"SHA10RC",26,6.58057644473102,5,0.0709952733506366,0.601348782920903,0.956766246296643,3.19544100197892,0.232827046784555,0.624156198742655,0.785969378023899,0.24113985740724,0.175809945411763,0.137676550278324,5,"Jun","WET",1.34935127932633,0.133818404628217,-0.134171083454253
"42",2018-06-01,"SHA10RD",51,9.0929164301637,7,0.581326858703255,0.609657421391962,0.861307805270445,3.72953179209264,1.41107243352589,0.594841884502036,0.738430534584319,0.849998080461103,0.13905337033842,0.123282790787652,5,"Jun","WET",0.382803658700635,0.149442239222954,-0.169637102650016
"43",2018-06-01,"SHA10RE",78,11.4869183526304,9,4.4062674972137,0.705524041382813,0.794110472508107,4.84657141849147,3.49662234410585,0.565708706285896,0.706190611500039,1.81424182959974,0.114273585037816,0.113473876978414,5,"Jun","WET",0.17934895435677,0.162360331765755,-0.206422252790296
"44",2018-06-01,"SHA10RF",12,3.60762739365966,2,NA,NA,NA,1.88988157484231,NA,NA,NA,NA,NA,NA,5,"Jun","WET",NA,NA,NA
"45",2018-06-01,"SHA11RA",196,8.60254482006736,7,0.383552746265014,0.396880236019776,0.854863714057385,4.90716269542762,1.42307869544413,0.600801288920254,0.732770784399633,0.857149290319328,0.134740650730441,0.129588934876406,5,"Jun","WET",0.379609921823312,0.142169980257443,-0.175066772574225
"46",2018-06-01,"SHA11RC",94,11.2341837434984,8,4.18387369295938,0.537727104603764,0.604163218000499,5.42480769789099,2.36096557966281,0.572255135313348,0.713428188231079,1.19934590584842,0.129694145210223,0.121242825578485,5,"Jun","WET",0.271299858950077,0.151956672281902,-0.181878764224045
"47",2018-06-01,"SHA11RE",59,9.9628381163261,7,1.38755627538277,0.65278660536328,0.756353706379873,5.96149432605899,1.43366868852689,0.590834370829904,0.728877052558665,0.954632159666049,0.140201362809532,0.131607723996469,5,"Jun","WET",0.340845813536025,0.139989172014372,-0.168248085362588
"48",2018-06-01,"SHA11RF",95,11.2784065398755,9,3.40684681342881,0.509318589027889,0.721374144943335,4.233790283509,3.47335394151293,0.566363810289317,0.708136231307811,1.67238776881423,0.117782503170219,0.112564968219845,5,"Jun","WET",0.194561561114342,0.16367131448018,-0.200272623038408
"49",2018-06-01,"SHA5RA",53,7.83808203817857,6,0.420029524518238,0.576374334378219,0.721406877950247,3.72452739313035,0.721425888251892,0.612385656614979,0.757663223231321,0.559933359867876,0.150749442669752,0.126194716981808,5,"Jun","WET",0.581109107637033,0.14599387956643,-0.156475609064804
"50",2018-06-01,"SHA5RB",184,11.4986614368839,8,4.96442235111326,0.501304860144691,0.488751512978636,3.51443250670559,2.32341503931885,0.575872421456272,0.721818787731748,1.31918080876405,0.125957198656935,0.123069823949665,5,"Jun","WET",0.246654873181395,0.149700842348624,-0.18727481326555
"51",2018-07-01,"SHA10RC",35,11.2384939494494,8,7.91677947918572,0.774731329797853,0.650398466460997,4.86411097977592,4.82234407262606,0.626434534723974,0.77544078421543,1.84408276582067,0.118895680739205,0.0953952233283355,6,"July","WET",0.0639732957807968,-0.517429227125574,0.662231611311648
"52",2018-07-01,"SHA10RD",72,10.1672287385388,8,6.02672130968822,0.765268766672929,0.735494685109671,4.88025829399959,4.87211766074396,0.626707957150409,0.775399606097871,1.90145805354262,0.118071738420037,0.0964782569123836,6,"July","WET",0.062042942258085,-0.5116207346395,0.666852875103912
"53",2018-07-01,"SHA10RE",43,8.54637937395022,7,4.73980648367146,0.602954080414216,0.881950621829344,5.65512908496443,3.59012886134735,0.629988725476909,0.769899132904902,1.77872441228002,0.12707381124424,0.107350705613182,6,"July","WET",0.0663239630645736,-0.459803933251379,0.619612156611756
"54",2018-07-01,"SHA10RF",48,10.0962056933373,8,4.49939040892354,0.807167514317278,0.888458325240982,4.32637227629594,4.9702937360645,0.624010205931653,0.767777420531438,1.91287200473346,0.112428010278259,0.0988396780132629,6,"July","WET",0.0616727370833961,-0.499397384435314,0.700327952429705
"55",2018-07-01,"SHA11RA",40,4.52598662099687,4,0.0179144605287824,0.707536974611141,0.783858023675509,3.20158344731553,0.566990948182014,0.666132558232948,0.785366605281988,0.557315549692045,0.184400233343081,0.143646313604368,6,"July","WET",0.211679096855099,-0.343623692385178,0.426986868760778
"56",2018-07-01,"SHA11RC",5,6.93433066579254,5,0.500355912216566,0.834391287445202,0.782468468383376,5,1.45337279665011,0.649095358134272,0.771700042662481,1.04851836254788,0.163529153685623,0.130139783210577,6,"July","WET",0.112513100805832,-0.379286605990291,0.481482821009924
"57",2018-07-01,"SHA11RE",28,6.22191593145249,5,0.897950112871193,0.81386471972231,0.598752120457156,3.36327736814513,1.43908495201206,0.652130722380765,0.769739736843508,1.05760640990118,0.161786680717441,0.137145500092658,6,"July","WET",0.111546271956823,-0.359911748069775,0.486668481513826
"58",2018-07-01,"SHA11RF",31,9.7229604058845,7,4.45215752358205,0.540531772351761,0.572849661202358,4.2168186837868,3.56981088350663,0.637210522810402,0.772473641249608,1.67976452291552,0.128131029977467,0.108779108157676,6,"July","WET",0.0702313036218642,-0.453766146038855,0.614499690260553
"59",2018-07-01,"SHA5RA",11,2.42838512095729,2,NA,NA,NA,1.35613141338627,NA,NA,NA,NA,NA,NA,6,"July","WET",NA,NA,NA
"60",2018-07-01,"SHA5RB",23,9.87191609337469,8,2.15212981610441,0.597401898389033,0.61942639479399,5.87538402219984,4.8573131256402,0.623509454775119,0.770102287470426,1.91061181621112,0.116309685772502,0.094761539854438,6,"July","WET",0.0617456938249562,-0.520889347662289,0.676955472031154
"61",2018-08-01,"SHA10RC",26,11.5489971196326,9,7.32166024046071,0.854082062416664,0.863724433180413,6.56115452543239,6.01842268048705,0.680144215183272,0.714013236846169,1.68876581925844,0.100267174152171,0.0987543862486165,7,"August","WET",0.093197164052398,0.130712193604813,0.130878682751211
"62",2018-08-01,"SHA10RD",20,6.75496940663084,4,0.563837717286683,0.917299015546592,0.824383485123903,3.63250314627929,0.449265272721713,0.693582871331527,0.763434159705368,0.488123029331826,0.187405678811629,0.149194884325917,7,"August","WET",0.32243548377333,0.0865204092819643,0.0700236820967034
"63",2018-08-01,"SHA10RE",25,11.5933908587945,10,9.06870712292747,0.683277620328618,0.69410919965421,7.22832157076928,7.21052799493466,0.668227830833022,0.711148156230465,1.62488605009295,0.0946405710747678,0.0865206890341034,7,"August","WET",0.0968610599460238,0.149194401925828,0.138659726237864
"64",2018-08-01,"SHA10RF",19,11.2002131435544,8,8.72861632081029,0.867569406564468,0.775728771033322,6.36579059700989,4.77005390145764,0.642746959140974,0.716224709025052,1.62050813985986,0.115350802919835,0.111784365325263,7,"August","WET",0.0971227365245582,0.115475920242456,0.113764580254742
"65",2018-08-01,"SHA11RA",48,7.69246651158651,6,0.722572176245824,0.643230359021708,0.879327277608474,4.50992252864699,2.38403795072339,0.619758770180447,0.762299144872072,1.38228770795862,0.138302872346649,0.122826093548612,7,"August","WET",0.113860655923754,0.10509495239743,0.0948847659745684
"66",2018-08-01,"SHA11RC",43,9.01441199939346,7,3.65971410257006,0.474106862566452,0.559569246269069,4.35889798229181,3.48062423071463,0.672164771755693,0.727636373930569,1.57122877569989,0.126189167844144,0.117607095012566,7,"August","WET",0.100168853535287,0.109758705061752,0.103993360923264
"67",2018-08-01,"SHA11RE",140,10.9100899796504,9,3.80575760763971,0.488446784737784,0.550446058044754,4.08552881224275,5.838707898016,0.595433944275204,0.722517070897266,1.64070731067513,0.10771900951759,0.0974752887811342,7,"August","WET",0.0959270334687223,0.132427434851078,0.121824696819919
"68",2018-08-01,"SHA11RF",30,9.02346897459913,6,1.90774470783954,0.635059984946475,0.933853273818468,3.51874510980994,2.25398451045686,0.690367419821748,0.747715599115531,1.38583926747087,0.134005982338866,0.114787656365153,7,"August","WET",0.113568859533574,0.112454621545634,0.0979272376291243
"69",2018-08-01,"SHA5RA",43,9.51202679730664,7,3.50776598064239,0.405103935294209,0.690951345532758,4.41319439384116,3.50434845316598,0.641594862707374,0.719402596101369,1.56277717160749,0.128248151464001,0.12617507683097,7,"August","WET",0.100710573434868,0.102305485194563,0.102323780315118
"70",2018-08-01,"SHA5RB",31,8.50382953925114,7,1.68865904158908,0.74304211153208,0.670227953720567,5.66823728092749,3.49118027429872,0.675968140963565,0.728845972715543,1.63010744854005,0.120794581165425,0.118073471936152,7,"August","WET",0.0965508042089312,0.109325170531394,0.108637618919768
"71",2018-09-01,"SHA10RC",0,NA,NA,NA,NA,NA,NA,NA,NA,NA,NA,NA,NA,8,"September","WET",NA,NA,NA
"72",2018-09-01,"SHA10RD",33,10.3013158206729,7,6.76124662929859,0.469048912920143,0.729745622958586,5.17747390783359,6.29638552197186,0.666173012496583,0.765247621723946,1.39235197239005,0.120051935666699,0.0872173750268876,8,"September","WET",0.104049940092347,0.286839820213663,-0.261859858062525
"73",2018-09-01,"SHA10RE",34,9.62890693974062,7,5.83096147769742,0.791749683943736,0.690705540148693,5.67803123008135,6.24995380831786,0.669182416615104,0.762983729254362,1.45724285902845,0.121709731410835,0.0895240713198307,8,"September","WET",0.0994166061045131,0.27944904430054,-0.258293091845691
"74",2018-09-01,"SHA10RF",9,5.52124256228719,4,2.73863059474705,0.582285484306229,0.906456380063954,3.15522464708129,2.951410536535,0.673027200283857,0.781149021318926,1.33528380284815,0.188725171916516,0.12327755257902,8,"September","WET",0.108496889579301,0.202935697934011,-0.166574402950972
"75",2018-09-01,"SHA11RA",22,7.74774029005105,6,6.36239777599176,0.469317322020641,0.921459650392157,3.57134254354102,5.30149409103909,0.664621618821534,0.765983094441472,1.4585279315708,0.13513810514628,0.101841256893411,8,"September","WET",0.0993290126152193,0.245651094019821,-0.232627080273062
"76",2018-09-01,"SHA11RC",8,4.74794184143906,3,1.47435877865731,0.412494418977799,0.788344996030903,2.4602329762891,1.50046339733336,0.668784163204128,0.792275438502856,1.0379496859124,0.233723178588845,0.150350892608697,8,"September","WET",0.139577227375232,0.166393532742971,-0.134504344086109
"77",2018-09-01,"SHA11RE",3,4.49500079883274,3,1.85522330071373,0.744042353616498,0.826011753516751,3,1.49707385331488,0.679042764203211,0.799673844352095,1.01120106588032,0.226838866905607,0.146294666380724,8,"September","WET",0.143269369666381,0.171007028425175,-0.138586403920342
"78",2018-09-01,"SHA11RF",16,7.94275970201239,7,4.79294157229756,0.790587798385716,0.624741410761885,5.26627267129198,6.35497817591549,0.660499567871986,0.764515931319782,1.40337421592598,0.118791513917222,0.0845201139783078,8,"September","WET",0.103232721301677,0.295993639793728,-0.264638287678693
"79",2018-09-01,"SHA5RA",6,5.13017903704046,3,2.05194026130885,0.65142157957729,0.962434029374355,2.3811015779523,1.55791572800698,0.676289185478636,0.792013475360022,1.08596313587301,0.23106349531892,0.146110905879993,8,"September","WET",0.13340613003238,0.171222100236432,-0.136052572001576
"80",2018-09-01,"SHA5RB",9,8.96115277874613,7,7.38745864733945,0.82557828357959,0.764033990553066,6.61380521524019,6.24161667178539,0.661836953856922,0.764934471976909,1.40944862118911,0.121051300347945,0.0884316496425007,8,"September","WET",0.102787811585795,0.282901158955612,-0.259698018471941
"81",2018-11-01,"SHA10RC",34,9.02460231400485,7,7.16210773548467,0.621674749086747,0.934119374106665,3.96468815103691,5.33538636137642,0.596986027146569,0.836644008380935,2.24296159692007,0.117271173001085,0.111052170031148,9,"November","DRY",0.306689982158169,0.620999542061976,0.287966820002666
"82",2018-11-01,"SHA10RD",35,7.00341380933175,4,2.97758898462473,0.668176200653062,0.945743704464457,2.91286511679529,0.887674707330859,0.651653369416935,0.82578117555368,0.881369235779715,0.183792674678752,0.113023373751428,9,"November","DRY",0.780483166663195,0.610168892020536,0.183740765654189
"83",2018-11-01,"SHA10RE",11,5.00067927556599,4,0.470961965505206,0.60216699662506,0.916682441577388,3.19704052173111,0.825895253893973,0.579657808653451,0.834404611025124,0.817113863014769,0.212245470283491,0.135758795436779,9,"November","DRY",0.841858011811065,0.507984374142794,0.159109198994914
"84",2018-11-01,"SHA10RF",23,8.55913345714143,6,5.37812341067642,0.725718857354858,0.915018905333445,4.16143545995797,3.68132089454626,0.638620018842027,0.830239791618013,1.83962140384187,0.12893495837297,0.101563279542672,9,"November","DRY",0.373932294277655,0.679018509887293,0.261916606584057
"85",2018-11-01,"SHA11RA",22,9.96804873543986,8,8.56960871856003,0.683813291329655,0.87658564926254,6.23557224031584,6.92803099514943,0.621606263108502,0.826227231890599,2.44213639041507,0.106105228650331,0.0913191386748365,9,"November","DRY",0.281677081935607,0.755190508091541,0.318270901412357
"86",2018-11-01,"SHA11RC",71,9.00672493090478,7,5.96068455404501,0.566711700928971,0.680991739443721,4.20845559356956,5.35319276542307,0.525699256429121,0.789871682002722,2.19267680377016,0.135520069847101,0.0944792063267398,9,"November","DRY",0.313723322542604,0.729931478211555,0.24918970898706
"87",2018-11-01,"SHA11RE",30,6.74070497150368,5,0.13912421657729,0.717275328511831,0.931211119983107,3.56869527468576,2.22800515360885,0.636657545145131,0.824353604300507,1.45272992853577,0.161096639707347,0.111581021851769,9,"November","DRY",0.47351805633564,0.618056239222712,0.209627009157068
"88",2018-11-01,"SHA11RF",66,5.75944843664588,4,1.00152544632581,0.59199685619967,0.949614142056588,1.93688658908737,0.917068083343341,0.656492037811279,0.830738197581677,0.850510725413702,0.181660635421628,0.109165733379632,9,"November","DRY",0.808800914069919,0.6317307143855,0.185897218121722
"89",2018-11-01,"SHA5RA",0,NA,NA,NA,NA,NA,NA,NA,NA,NA,NA,NA,NA,9,"November","DRY",NA,NA,NA
"90",2018-11-01,"SHA5RB",0,NA,NA,NA,NA,NA,NA,NA,NA,NA,NA,NA,NA,9,"November","DRY",NA,NA,NA
"91",2019-02-01,"SHA10RC",12,6.86659625316189,4,5.93839698635646,0.721082796587513,0.874008645048202,3.0610051303091,2.91069538264993,0.667865505234049,0.754031803632622,1.87895906007603,0.16911560399912,0.128374687837178,10,"February","DRY",0.362662675368486,0.687201659857965,-0.00549506656294709
"92",2019-02-01,"SHA10RD",14,7.62956881307356,5,6.24786502082693,0.724425545779186,0.814054023305161,4.21100545098786,4.04463169057236,0.650143059111736,0.746642341407039,2.0597190721251,0.144615969388185,0.125986694731744,10,"February","DRY",0.330835563381938,0.700227105356619,-0.00642599503180519
"93",2019-02-01,"SHA10RE",7,6.86659625316189,4,6.20864294681805,0.738327157394461,0.808244789305448,3.86431329785834,2.96211045994154,0.666888131607592,0.75077275359681,1.87386046268557,0.168250288405069,0.129696592722411,10,"February","DRY",0.363649446265826,0.680197503370598,-0.00552332783270384
"94",2019-02-01,"SHA10RF",5,6.33941120543087,4,5.3112001350979,0.683186805789106,0.86495029990503,3.789291416276,2.72752741997134,0.652166523789531,0.750543294255401,1.81806656542061,0.182390245211244,0.135465117723927,10,"February","DRY",0.374809334595174,0.65123258332263,-0.00509512720777283
"95",2019-02-01,"SHA11RA",21,6.74843146376997,5,1.69775307275644,0.836360018078723,0.955833510522305,4.39521200723065,4.27941757466794,0.642691978004438,0.745982108355754,2.05223392208574,0.145872446634485,0.124857719949442,10,"February","DRY",0.332042225938101,0.706558622095448,-0.00637064450654434
"96",2019-02-01,"SHA11RC",5,3.2297324920857,2,NA,NA,NA,1.64938488846612,NA,NA,NA,NA,NA,NA,10,"February","DRY",NA,NA,NA
"97",2019-02-01,"SHA11RE",24,8.30741227833138,6,4.09251734318183,0.532993241072625,0.87189883626782,4.27036959239341,5.34412598313752,0.642807965687407,0.744408838566654,2.03258512559669,0.122840411626352,0.115480544432335,10,"February","DRY",0.335252044823947,0.763932132456721,-0.00756511223387018
"98",2019-02-01,"SHA11RF",11,4.92702136871888,3,0.544637898439343,0.376070943942334,0.93929339435506,1.82242143054562,1.49477027014332,0.691910744015213,0.766343058632526,1.40210544515782,0.22481764069334,0.147663366569304,10,"February","DRY",0.486003618335801,0.597435238103233,-0.00413357909967469
"99",2019-02-01,"SHA5RA",39,3.2297324920857,2,NA,NA,NA,1.85380775496353,NA,NA,NA,NA,NA,NA,10,"February","DRY",NA,NA,NA
"100",2019-02-01,"SHA5RB",33,7.11395098688136,5,3.39222697983667,0.642396389303186,0.588143438442517,2.66721498974887,4.21853504514942,0.647803402503635,0.75194835018108,2.07237208770252,0.141435132801254,0.117127407805213,10,"February","DRY",0.328815623255415,0.753190907393504,-0.00657051386315755
"101",2019-03-01,"SHA10RC",41,8.2421801812433,6,5.72888605386613,0.773096931860867,0.597828393045047,4.54232487930579,3.8430728658036,0.628150017215154,0.801108864342907,1.12133689103636,0.132622952968225,0.125932910274782,11,"March","DRY",-0.0922277987254264,-0.117545808633123,0.323225536298031
"102",2019-03-01,"SHA10RD",62,7.76451598714811,6,5.21404428665413,0.78633092937925,0.92525934906215,2.00799167374612,3.8570943330941,0.673839331519086,0.795796430554501,1.15699766621756,0.122456324143937,0.117476387465715,11,"March","DRY",-0.0893851700046991,-0.126007328716095,0.350060524830034
"103",2019-03-01,"SHA10RE",7,5.36567822163695,3,1.0395512184228,0.960646111805637,0.516545219753082,2.60049000598966,1.1794883592859,0.690592068818008,0.83426902419374,0.716201889964099,0.223968152431146,0.143221766556334,11,"March","DRY",-0.144398436445177,-0.103356397059585,0.191398306559509
"104",2019-03-01,"SHA10RF",34,7.31086177754766,7,3.41974179171741,0.651544948824803,0.919945294777629,3.45858894432792,4.51888919926579,0.62850223418681,0.79437901289206,1.2544538632946,0.117649792570047,0.118580828797638,11,"March","DRY",-0.0824410017107261,-0.124833718248279,0.364362096712248
"105",2019-03-01,"SHA11RA",34,9.56805765221821,8,4.87228428618275,0.776415362328259,0.772595455688399,5.23091990060063,5.12088681345375,0.672589501230502,0.774111153475962,1.37613718253065,0.0952972623362067,0.11217820690645,11,"March","DRY",-0.0751512526532531,-0.13195865917269,0.449825357493996
"106",2019-03-01,"SHA11RC",63,8.72182216999624,8,3.03174657479302,0.580445450635453,0.825366905943943,4.27531856421347,5.09128469868009,0.644582248992236,0.773423716052684,1.36220547553194,0.100477590236591,0.114981917004055,11,"March","DRY",-0.0759198483250202,-0.12874098951794,0.426633690135735
"107",2019-03-01,"SHA11RE",123,9.53282538916271,9,3.71439964678409,0.554777454370987,0.727710487855454,4.6772313891591,5.75911061063612,0.645613331883857,0.756802195212776,1.52346485428564,0.091455110270547,0.108211770352405,11,"March","DRY",-0.0678837012872151,-0.136795523477384,0.468723125167873
"108",2019-03-01,"SHA11RF",39,9.1018888330452,8,5.31855223124193,0.562076801406441,0.747059420642964,4.83483299995917,5.14550379580694,0.584419880389854,0.775930980461804,1.42947238971964,0.107466396945415,0.119580806060231,11,"March","DRY",-0.0723472757037161,-0.123789814264303,0.398888641631455
"109",2019-03-01,"SHA5RA",25,7.31206243658916,6,3.79732851755183,0.48761446011401,0.799325567189069,3.78827728453464,3.82709575340191,0.599737765299743,0.803341002551918,1.08971709311109,0.137336747375348,0.125127645643757,11,"March","DRY",-0.0949039285000498,-0.118302280008656,0.312131500984403
"110",2019-03-01,"SHA5RB",41,7.09723220147637,5,4.23042945876164,0.732857322160069,0.942767788294396,3.17496239381017,3.05872196744648,0.669108142364696,0.813270360231498,0.877715425357935,0.154004578111292,0.127948705823776,11,"March","DRY",-0.117826837836104,-0.115693907777073,0.278349680407587
"111",2019-04-01,"SHA10RC",98,9.26236712971385,8,2.0437145488657,0.767609963267363,0.885495117808655,4.69278834624933,1.74427420730647,0.629320322891865,0.794754501436083,0.910947851000611,0.125262361550217,0.109555640258711,12,"April","DRY",0.416540881427249,0.556011450438717,0.448505062705662
"112",2019-04-01,"SHA10RD",47,7.86323223436359,6,0.545086275961877,0.568830735713537,0.878088629456714,2.73386596639267,0.539156228449797,0.673158212709968,0.817513372353349,0.371436145980763,0.12659751495485,0.124068141242265,12,"April","DRY",1.02156730004867,0.490973668454037,0.443774929877384
"113",2019-04-01,"SHA10RE",79,11.6848265434128,9,5.62352540191593,0.476400900689301,0.846690556011774,3.80344026441798,2.60373789402812,0.613280371761139,0.777424060486241,1.24237337605993,0.114023177437716,0.107934493631976,12,"April","DRY",0.305421082020795,0.564362590625453,0.492713890142445
"114",2019-04-01,"SHA10RF",116,12.5191378132148,10,9.09215542062478,0.48990283850694,0.656442924484421,3.12838639204734,3.73257591225382,0.621843848420491,0.78807481493478,1.69984156071712,0.0982203582367646,0.115891408751684,12,"April","DRY",0.223224934346219,0.525614375561755,0.571987359141097
"115",2019-04-01,"SHA11RA",177,7.16852409196999,6,0.176066497721173,0.65328177511882,0.864666400296944,4.90717246516849,0.53080902187811,0.554416527450699,0.773788223166168,0.342397607918357,0.163547177807111,0.0989112246433601,12,"April","DRY",1.10820581690667,0.615847095854127,0.343514355154447
"116",2019-04-01,"SHA11RC",120,9.20310743417276,9,1.15847128526652,0.572422723305114,0.830923389838537,5.65096512898357,2.74660669345968,0.574871102886182,0.793039149708648,1.29626035860319,0.117284499717307,0.0974421887611492,12,"April","DRY",0.292724388485453,0.625131590519807,0.479013027784173
"117",2019-04-01,"SHA11RE",114,12.6458877423099,12,5.44302761580477,0.782468444722247,0.813168043110446,6.81014386206101,5.9380722027553,0.567710620850063,0.78181701982383,2.2192179738164,0.0971299013451991,0.0923470442279604,12,"April","DRY",0.170982312358221,0.65962252450247,0.578408940436099
"118",2019-04-01,"SHA11RF",227,8.98270632416262,9,1.41355692529817,0.564367038782407,0.931586185452927,2.6870923492331,2.65839482734523,0.576174124001286,0.760355594269263,1.19557614122037,0.123884356510619,0.100484543444862,12,"April","DRY",0.317375872357855,0.606204579885597,0.453493926950524
"119",2019-04-01,"SHA5RA",169,5.6652160581439,5,0.142451702761241,0.890336220107549,0.835902583952234,3.63706547666009,0.171971161358516,0.546269585390089,0.740100510381954,0.134849431983947,0.214856858240433,0.122009341050467,12,"April","DRY",2.81385701969604,0.499258416769846,0.261480149071486
"120",2019-04-01,"SHA5RB",145,7.58701199390673,8,0.606649655584825,0.717439761148603,0.907621367862725,4.70143197854373,1.78463697306942,0.564207651782704,0.814576047275178,0.949073399520231,0.126858963265516,0.100858653947079,12,"April","DRY",0.399807876800539,0.603956012301635,0.442860337776472
"121",2019-05-01,"SHA10RC",118,10.6886003677966,8,1.16589805570189,0.68857776118125,0.931840182137816,4.19472522804437,0.687772181062009,0.6054746812507,0.801056278160503,0.479907726671171,0.121465465338406,0.123390960803188,13,"May","WET",0.2453750232936,0.43562283056261,-0.335550177406636
"122",2019-05-01,"SHA10RD",129,15.2164272174461,13,6.15800757699587,0.56103442552237,0.843067739229696,5.40513979535121,4.27485361488477,0.565459340652949,0.733229454931128,1.31976912495761,0.0971949850113877,0.117087921163587,13,"May","WET",0.0892257345499724,0.459073139882861,-0.419340138159459
"123",2019-05-01,"SHA10RE",134,12.5623017173109,9,2.80806521091522,0.546901325590414,0.925375431323401,4.88281993849123,1.30207645184077,0.580275867755133,0.805605286920888,0.757368867591833,0.111153887396969,0.134332452961273,13,"May","WET",0.155482189260227,0.400140981765747,-0.366678659627276
"124",2019-05-01,"SHA10RF",138,15.2067862207848,13,5.35207675640404,0.617698774756088,0.811732139559442,7.32944250939532,4.27835487125958,0.576297549354378,0.741818779191406,1.35495083813617,0.091899076499646,0.121875496302897,13,"May","WET",0.0869089610459229,0.441039595665197,-0.443505636786664
"125",2019-05-01,"SHA11RA",661,9.65775354647694,7,0.0227845184049276,0.243300716902133,0.472041091570851,2.03091086059296,0.298681802181511,0.465951657189582,0.61395666675456,0.286290123181562,0.132984616504246,0.118036961040231,13,"May","WET",0.411321802869311,0.455382103514208,-0.30648476127899
"126",2019-05-01,"SHA11RC",203,10.7577289818139,8,0.332533588058157,0.444372209530915,0.815977579864298,2.80395855166528,0.722124239737359,0.58346432022004,0.750599791835257,0.502097019551721,0.132872162259256,0.108317948811242,13,"May","WET",0.234531106589425,0.496242037453962,-0.306744149790807
"127",2019-05-01,"SHA11RE",363,12.0778238513062,11,1.01857737804884,0.385232327998078,0.779700529568047,3.9970059242549,2.70455479981217,0.48882094258081,0.670831997538822,1.12280381677973,0.109159876879232,0.0897702746760426,13,"May","WET",0.104877956283095,0.598771918710302,-0.373376735191574
"128",2019-05-01,"SHA11RF",354,15.108913810304,14,3.83943731221797,0.506435009638237,0.697211220737854,4.13228307903894,5.24706867877389,0.528610958053834,0.721441025235439,1.49641176509062,0.0879594974631734,0.102471221273952,13,"May","WET",0.078693159435021,0.524556250454178,-0.463369614635943
"129",2019-05-01,"SHA5RA",187,8.64231152099459,7,0.130678306675101,0.378518045369848,0.687641329420357,4.09598217439097,0.274927023891789,0.475236242759902,0.63191071231536,0.263474362687148,0.138930801000671,0.116648714935637,13,"May","WET",0.446940523585376,0.460801643983679,-0.293367332150377
"130",2019-05-01,"SHA5RB",131,10.4068876465102,8,0.827961147261719,0.659292328222916,0.82640593331062,5.31538138613642,0.688032491132703,0.569348949325741,0.783023987729769,0.495017746162992,0.132408835993304,0.11058075686876,13,"May","WET",0.237885147600231,0.486087463433794,-0.307817511855047
"131",2019-06-01,"SHA10RC",67,10.2203208747534,9,0.456226281970358,0.630502899980579,0.878362757386718,4.72856751960574,1.21234157558071,0.536405378899004,0.73169115004631,0.784984676938066,0.126770654192794,0.132032209531298,14,"June","WET",-0.143264876974251,0.0489994270700101,-0.362992799923687
"132",2019-06-01,"SHA10RD",78,11.6745082985111,9,2.06752717249168,0.506979133315312,0.865122048137316,5.10843291069773,1.21297924395142,0.528986558352381,0.727720214392013,0.774676221456813,0.125932931972607,0.12990150896354,14,"June","WET",-0.145171272918016,0.0498031368029521,-0.36540747517583
"133",2019-06-01,"SHA10RE",60,11.7830978124188,10,1.34077110450134,0.654816549393313,0.842351268942953,6.52397346267343,1.90847689806699,0.529834107314279,0.724318275941832,0.988987504612601,0.115744545754544,0.124774945175957,14,"June","WET",-0.113712997023412,0.0518493725859614,-0.397572381606529
"134",2019-06-01,"SHA10RF",73,10.0499118717515,8,0.629820648916643,0.740060259603076,0.855978777201054,4.25219344159588,0.652694457690651,0.546621894946847,0.739352122072998,0.511514815551973,0.135150725693484,0.131998126128303,14,"June","WET",-0.219858212800442,0.0490120792740095,-0.340485295047279
"135",2019-06-01,"SHA11RA",144,9.41088388797747,7,0.147577638353588,0.334088700581756,0.538968646944998,2.97459180926099,0.287529202549055,0.556645969717602,0.747612364040859,0.298310863439419,0.150490904845403,0.140226686976143,14,"June","WET",-0.376991745696325,0.0461360298908136,-0.305778178162144
"136",2019-06-01,"SHA11RC",232,11.0552901589638,9,0.615972165186852,0.375994466035269,0.662477579779342,2.93698270387906,1.18784494016784,0.533143989307245,0.729558159927316,0.771875129419856,0.128183542404779,0.127153420334045,14,"June","WET",-0.145698091416328,0.050879501352186,-0.358991753935834
"137",2019-06-01,"SHA11RE",213,12.8319367878302,12,2.39000370212896,0.38137519678486,0.64995566534217,5.47436920030228,3.45915642281641,0.528979796011333,0.717634925585496,1.3292257185529,0.103139594756878,0.116530168780095,14,"June","WET",-0.0846061971255253,0.0555178344762354,-0.446160708911755
"138",2019-06-01,"SHA11RF",252,14.8012113333831,13,4.37010165798589,0.515088565182397,0.50639034005416,2.75160625007194,4.36658180635186,0.538146085700123,0.713064883221615,1.47232706321851,0.0911817712685688,0.109461032617664,14,"June","WET",-0.0763829830869,0.0591032485909249,-0.504671427999144
"139",2019-06-01,"SHA5RA",130,11.3226445855627,8,1.57576663108082,0.323456497618665,0.678913281239946,3.97447340707526,0.659935898271239,0.545199065762316,0.735935617687224,0.522635575252909,0.134987395581192,0.135119914748016,14,"June","WET",-0.215180019296971,0.0478797121348547,-0.340897270559766
"140",2019-06-01,"SHA5RB",83,12.3220391979698,10,2.06717022382689,0.452969250672266,0.876599501723636,4.97958433170314,1.8380041126789,0.531537020292361,0.723537127618417,0.998869221662364,0.114427619600245,0.124832518452947,14,"June","WET",-0.112588045290896,0.0518254594395581,-0.4021479680724
